1,0,365.1,43.1,1241.0
2,0,0.0,0.0,1233.0
130,0,0.0,0.0,1502.0
3,0,0.0,0.0,1203.0
4,0,343.6,35.8,1443.0
133,0,257.5,247.0,1513.5
139,0,517.4,49.4,1407.0
142,0,0.0,0.0,1354.0
14,0,0.0,0.0,1241.0
145,0,522.3,52.84,1356.0
148,0,797.8,56.16,1214.0
21,0,462.5,36.1,1640.0
153,0,97.7,35.44,1471.5
28,0,194.4,44.6,1233.0
31,0,0.0,0.0,1183.0
159,0,0.0,0.0,1474.0
160,0,439.5,32.7,1253.0
32,0,417.7,46.7,1127.0
33,0,194.0,67.8,1298.0
35,0,140.0,25.6,1302.0
36,0,0.0,0.0,1143.5
38,0,480.5,44.0,1354.0
42,0,251.6,53.0,1203.0
44,0,542.1,34.9,1183.0
174,0,0.0,0.0,1594.0
46,0,0.0,0.0,1351.0
181,0,174.5,55.5,1449.0
56,0,322.3,87.16,1443.0
58,0,395.5,190.2,1127.0
59,0,208.3,46.76,1351.0
61,0,434.4,49.4,1519.0
62,0,0.0,0.0,1443.0
191,0,134.7,123.32,1407.0
63,0,1333.2,162.28,1117.0
192,0,493.7,57.5,1471.5
64,0,668.7,51.5,1289.0
65,0,0.0,0.0,1502.0
194,0,0.0,0.0,1449.0
72,0,0.0,0.0,1298.0
74,0,0.0,0.0,1519.0
76,0,0.0,0.0,1373.0
77,0,408.8,67.0,1549.0
78,0,0.0,0.0,1317.0
80,0,621.6,54.48,1356.0
81,0,167.9,30.88,1474.0
88,0,1103.0,276.2,1443.0
89,0,375.7,54.1,1373.0
95,0,143.9,23.88,1253.0
96,0,141.1,25.32,1594.0
99,0,213.3,57.5,1640.0
100,0,0.0,0.0,1302.0
102,0,709.4,51.4,1117.0
103,0,400.2,152.84,1549.0
107,0,44.6,21.64,1513.5
114,0,1254.3,73.5,1143.5
116,0,615.0,422.2,1289.0
117,0,1200.6,55.8,1317.0
122,0,602.0,54.0,1214.0
1,1,195.5,36.1,286.0
2,1,1230.6,51.4,347.5
130,1,1248.0,56.2,351.0
3,1,124.1,22.3,377.0
4,1,960.2,32.2,415.0
133,1,337.7,60.9,4222.0
139,1,563.7,61.5,371.5
142,1,815.8,420.76,395.0
14,1,514.5,35.5,286.0
145,1,504.3,55.24,360.0
148,1,735.1,59.5,320.5
21,1,881.6,447.16,345.5
153,1,405.0,55.0,426.5
28,1,179.5,37.9,347.5
31,1,583.8,51.24,352.5
159,1,654.7,35.1,422.0
160,1,261.2,42.4,321.0
32,1,102.9,36.88,295.0
33,1,742.2,57.6,357.5
35,1,529.2,41.56,314.0
36,1,276.6,126.24,295.0
38,1,445.3,69.38,395.0
42,1,404.3,56.1,377.0
44,1,990.1,47.88,352.5
174,1,431.2,40.56,464.5
46,1,1163.5,43.3,405.0
181,1,562.1,69.7,398.5
56,1,163.2,32.44,415.0
58,1,1337.6,239.12,295.0
59,1,526.0,54.4,405.0
61,1,540.4,47.2,387.0
62,1,410.9,51.1,386.0
191,1,307.9,50.9,371.5
63,1,364.7,53.3,310.0
192,1,454.8,54.0,426.5
64,1,385.7,47.5,318.0
65,1,176.0,68.2,351.0
194,1,197.1,51.5,398.5
72,1,852.9,51.48,357.5
74,1,547.3,174.12,387.0
76,1,528.1,47.92,405.0
77,1,421.0,53.0,1615.5
78,1,756.2,46.6,344.0
80,1,231.5,74.5,360.0
81,1,354.1,35.1,422.0
88,1,501.1,55.5,386.0
89,1,1222.5,60.3,405.0
95,1,124.6,15.64,321.0
96,1,342.8,62.6,464.5
99,1,315.4,119.4,345.5
100,1,1109.2,42.96,314.0
102,1,190.2,65.44,310.0
103,1,346.1,115.06,1615.5
107,1,29.2,9.52,4222.0
114,1,653.6,79.6,295.0
116,1,564.1,64.9,318.0
117,1,470.7,54.3,344.0
122,1,389.3,49.3,320.5
1,2,452.3,83.64,285.0
2,2,951.4,46.32,285.0
130,2,831.4,72.48,323.0
3,2,367.3,310.96,285.0
4,2,361.8,49.04,74675.5
133,2,504.7,73.04,131920.0
139,2,670.4,60.0,332.5
142,2,1079.6,49.68,285.0
14,2,1082.8,43.8,285.0
145,2,1130.9,68.12,285.0
148,2,496.9,59.9,285.0
21,2,423.7,54.36,320.5
153,2,245.3,67.5,288.0
28,2,1166.8,59.24,285.0
31,2,1306.4,219.2,299.0
159,2,299.8,58.44,70592.5
160,2,717.5,66.2,288.0
32,2,867.7,58.7,299.0
33,2,267.1,60.3,292.0
35,2,705.5,39.2,320.5
36,2,1049.8,66.0,292.0
38,2,677.6,429.68,285.0
42,2,649.1,48.3,285.0
44,2,272.6,41.68,299.0
174,2,879.0,66.6,324.0
46,2,991.1,54.5,285.0
181,2,227.1,96.52,324.0
56,2,830.3,549.04,74675.5
58,2,846.1,46.72,299.0
59,2,771.4,104.16,285.0
61,2,104.2,20.6,74977.5
62,2,511.6,46.6,287.0
191,2,352.4,62.8,332.5
63,2,494.8,173.6,320.5
192,2,187.1,45.5,288.0
64,2,413.9,68.52,285.0
65,2,207.0,63.0,323.0
194,2,127.6,13.84,324.0
72,2,1221.2,64.8,292.0
74,2,1656.3,51.9,74977.5
76,2,624.9,176.22,287.0
77,2,445.8,54.6,117046.5
78,2,618.3,55.9,285.0
80,2,231.1,31.3,285.0
81,2,128.4,9.96,70592.5
88,2,60.9,10.26,287.0
89,2,858.6,53.2,287.0
95,2,232.7,45.36,288.0
96,2,274.3,61.24,324.0
99,2,477.6,66.2,320.5
100,2,128.9,15.28,320.5
102,2,759.2,52.44,320.5
103,2,977.6,55.4,117046.5
107,2,231.1,51.5,131920.0
114,2,1334.3,49.76,292.0
116,2,359.5,55.5,285.0
117,2,902.1,53.5,285.0
122,2,179.3,54.56,285.0
1,3,203.7,34.3,229.0
2,3,509.9,51.72,264.0
130,3,1056.0,63.6,10915.5
3,3,233.2,71.24,299.5
4,3,710.0,33.2,103880.5
133,3,1517.4,69.6,1025588.0
139,3,235.1,62.3,304.5
142,3,586.7,46.96,293.0
14,3,402.5,36.8,229.0
145,3,1019.7,71.3,299.0
148,3,1052.0,85.4,273.5
21,3,340.1,76.1,293.0
153,3,125.9,38.92,304.0
28,3,479.8,86.2,264.0
31,3,240.6,138.04,279.5
159,3,6702.0,4468.0,703007.5
160,3,229.1,50.9,245.0
32,3,1171.3,687.7,307.5
33,3,449.5,52.8,299.0
35,3,966.5,68.4,287.0
36,3,281.5,60.5,316.0
38,3,994.3,264.3,293.0
42,3,192.9,64.68,299.5
44,3,874.5,45.5,279.5
174,3,1331.6,46.68,296.0
46,3,1024.6,62.0,331.5
181,3,190.7,49.16,304.0
56,3,878.3,42.5,103880.5
58,3,637.0,51.6,307.5
59,3,95.1,28.32,331.5
61,3,829.6,44.2,103830.0
62,3,172.1,53.1,338.5
191,3,221.0,169.8,304.5
63,3,722.8,58.04,323.0
192,3,248.3,66.3,304.0
64,3,764.7,66.64,359.0
65,3,104.9,10.08,10915.5
194,3,263.4,56.52,304.0
72,3,685.5,46.0,299.0
74,3,90.6,12.96,103830.0
76,3,198.4,57.4,274.0
77,3,1125.6,68.32,859662.5
78,3,531.5,56.7,336.0
80,3,128.3,10.08,299.0
81,3,127.8,10.48,703007.5
88,3,832.6,58.4,338.5
89,3,348.3,45.1,274.0
95,3,253.6,55.48,245.0
96,3,114.9,13.84,296.0
99,3,239.5,75.4,293.0
100,3,624.9,27.1,287.0
102,3,975.9,52.3,323.0
103,3,499.9,54.1,859662.5
107,3,616.1,44.7,1025588.0
114,3,460.1,377.18,316.0
116,3,412.2,98.16,359.0
117,3,766.5,54.3,336.0
122,3,94.2,11.08,273.5
1,4,145.9,12.28,343.0
2,4,2208.0,35.2,336.0
130,4,877.9,65.3,36485.5
3,4,617.2,59.6,336.0
4,4,551.7,47.36,92533.0
133,4,370.1,121.44,4065977.0
139,4,197.3,114.5,332.0
142,4,127.0,14.6,369.5
14,4,254.9,44.5,343.0
145,4,148.8,25.76,411.0
148,4,119.8,33.76,386.0
21,4,187.2,89.12,307.0
153,4,174.5,62.3,386.0
28,4,494.6,49.88,336.0
31,4,622.3,85.24,307.0
159,4,3878.3333,2585.5557,4487043.5
160,4,442.6,45.08,346.0
32,4,473.8,54.2,329.0
33,4,156.9,37.12,347.0
35,4,648.3,414.64,299.0
36,4,639.1,56.92,329.0
38,4,199.9,40.12,369.5
42,4,383.8,53.0,336.0
44,4,973.6,45.0,307.0
174,4,562.3,57.76,332.0
46,4,713.9,54.1,342.0
181,4,223.4,101.68,345.0
56,4,915.6,50.88,92533.0
58,4,1089.7,52.84,329.0
59,4,75.9,13.28,342.0
61,4,389.2,267.0,104146.5
62,4,463.0,55.0,330.5
191,4,137.0,36.6,332.0
63,4,389.2,201.0,320.5
192,4,438.9,84.3,386.0
64,4,640.4,56.4,285.0
65,4,340.3,56.3,36485.5
194,4,218.2,83.04,345.0
72,4,748.8,49.6,347.0
74,4,1018.3,735.24,104146.5
76,4,448.4,54.0,338.5
77,4,171.9,62.7,4580406.0
78,4,810.0,54.4,385.0
80,4,1189.5,62.9,411.0
81,4,146.7,19.04,4487043.5
88,4,1119.2,50.0,330.5
89,4,132.8,44.6,338.5
95,4,127.4,12.56,346.0
96,4,221.9,54.32,332.0
99,4,161.6,24.8,307.0
100,4,123.5,11.0,299.0
102,4,908.3,81.16,320.5
103,4,210.6,135.12,4580406.0
107,4,476.7,56.9,4065977.0
114,4,1030.1,65.7,329.0
116,4,1100.6,606.16,285.0
117,4,420.4,55.92,385.0
122,4,303.7,71.7,386.0
1,5,209.6,59.12,356.0
2,5,756.2,70.56,356.0
130,5,128.2,25.8,36159.0
3,5,95.3,14.7,356.0
4,5,517.9,439.88,103901.5
133,5,151.1,68.5,4577664.0
139,5,164.2,50.24,287.0
142,5,384.6,153.56,356.0
14,5,479.8,51.2,356.0
145,5,1745.8,50.44,367.0
148,5,100.7,15.98,319.5
21,5,231.7,36.36,356.0
153,5,199.2,63.4,333.0
28,5,208.3,55.04,356.0
31,5,867.1,26.9,356.0
159,5,5184.5,1296.125,4970567.5
160,5,498.3,52.24,323.0
32,5,908.8,59.36,329.5
33,5,96.7,7.98,356.0
35,5,1403.1,49.68,355.0
36,5,879.4,47.6,6068143.0
38,5,366.9,288.48,356.0
42,5,466.2,52.8,356.0
44,5,949.5,795.1,356.0
174,5,559.2,84.4,287.5
46,5,74.2,10.28,135795.5
181,5,129.8,12.92,288.0
56,5,361.1,45.88,103901.5
58,5,116.6,42.92,329.5
59,5,435.4,53.88,135795.5
61,5,692.0,836.0,104055.0
62,5,606.2,109.76,296.0
191,5,58.8,17.92,287.0
63,5,254.3,114.42,96369.0
192,5,63.4,12.08,333.0
64,5,444.4,49.6,293.0
65,5,106.5,14.0,36159.0
194,5,282.2,56.96,288.0
72,5,794.9,63.9,356.0
74,5,2144.8,58.2,104055.0
76,5,236.1,59.5,323.0
77,5,373.4,73.2,5079271.5
78,5,216.8,50.96,320.5
80,5,347.0,46.0,367.0
81,5,152.6,17.6,4970567.5
88,5,321.3,54.1,296.0
89,5,494.7,324.56,323.0
95,5,122.2,10.68,323.0
96,5,244.7,69.7,287.5
99,5,157.4,39.56,356.0
100,5,122.4,9.36,355.0
102,5,990.0,51.4,96369.0
103,5,779.2,48.8,5079271.5
107,5,34.7,6.52,4577664.0
114,5,2091.0,2091.0,6068143.0
116,5,87.1,10.54,293.0
117,5,402.3,145.02,320.5
122,5,296.4,52.72,319.5
1,6,151.6,14.0,238.0
2,6,198.9,80.04,285.0
130,6,110.2,19.28,37296.0
3,6,246.1,79.12,229.0
4,6,358.1,324.58,92461.0
133,6,176.8,60.2,4086965.5
139,6,258.3,94.3,259.0
142,6,367.4,48.92,265.0
14,6,145.2,13.24,238.0
145,6,1425.7,47.96,229.0
148,6,511.2,243.52,265.0
21,6,722.0,64.8,261.0
153,6,470.4,67.4,232.0
28,6,610.9,49.92,285.0
31,6,510.2,52.96,256.5
159,6,4809.125,1202.2812,3989576.0
160,6,388.6,37.88,232.0
32,6,1171.7,63.64,229.0
33,6,249.3,60.04,285.0
35,6,389.7,67.7,265.0
36,6,595.5,65.7,1.1996484E7
38,6,287.8,66.44,265.0
42,6,519.9,71.5,229.0
44,6,1988.1,63.48,256.5
174,6,474.8,36.48,260.0
46,6,1471.8,1107.44,6113388.0
181,6,651.3,60.24,259.5
56,6,517.4,38.12,92461.0
58,6,404.5,100.6,229.0
59,6,2101.0,3151.5,6113388.0
61,6,494.0,55.2,92337.5
62,6,68.4,14.68,258.0
191,6,53.4,12.16,259.0
63,6,473.0,76.0,3124881.0
192,6,63.1,13.92,232.0
64,6,457.3,54.9,229.0
65,6,337.2,98.0,37296.0
194,6,130.2,13.08,259.5
72,6,471.9,59.9,285.0
74,6,2154.0,56.2,92337.5
76,6,67.7,11.92,231.0
77,6,167.5,159.7,4085340.0
78,6,178.0,54.8,256.5
80,6,915.4,932.28,229.0
81,6,345.8,80.64,3989576.0
88,6,1247.3,1375.56,258.0
89,6,179.8,56.6,231.0
95,6,124.2,10.84,232.0
96,6,128.5,15.1,260.0
99,6,201.9,38.92,261.0
100,6,722.8,55.24,265.0
102,6,13319.0,119871.0,3124881.0
103,6,707.8,366.88,4085340.0
107,6,159.5,61.0,4086965.5
114,6,2689.75,4034.625,1.1996484E7
116,6,1876.6,50.2,229.0
117,6,247.7,60.9,256.5
122,6,251.2,56.8,265.0
1,7,493.6,108.56,301.0
2,7,1070.0,745.4,306.0
130,7,1268.1,69.1,30155.0
3,7,92.8,11.56,301.0
4,7,429.7,222.76,92525.0
133,7,384.9,249.06,3248184.5
139,7,580.9,365.7,317.0
142,7,151.2,30.04,306.0
14,7,262.1,56.12,301.0
145,7,1748.3,23.56,302.0
148,7,573.7,747.72,306.0
21,7,153.8,18.16,310.0
153,7,1127.4,68.0,304.0
28,7,676.1,80.48,306.0
31,7,256.6,40.68,320.0
159,7,37593.0,338337.0,4005845.5
160,7,532.4,60.52,304.0
32,7,835.8,63.8,310.0
33,7,941.9,84.28,306.0
35,7,133.1,14.94,305.5
36,7,255.4,204.08,1.2000168E7
38,7,366.6,383.56,306.0
42,7,449.2,63.64,301.0
44,7,1172.7,95.7,320.0
174,7,184.0,54.2,308.5
46,7,100000.0,10000.0,6248856.0
181,7,217.6,42.28,308.5
56,7,611.6,56.08,92525.0
58,7,656.8,63.4,310.0
59,7,4771.0,19084.0,6248856.0
61,7,674.3,58.96,856106.5
62,7,415.0,84.8,308.0
191,7,180.7,56.9,317.0
63,7,67462.2,174.72,2959104.0
192,7,1160.3,428.52,304.0
64,7,382.6,288.4,310.0
65,7,696.2,64.8,30155.0
194,7,318.9,68.7,308.5
72,7,843.9,54.88,306.0
74,7,606.5,535.4,856106.5
76,7,184.1,60.1,310.0
77,7,1459.2,1332.24,3411146.5
78,7,96.0,27.2,48084.5
80,7,345.7,250.64,302.0
81,7,213.3,35.5,4005845.5
88,7,527.0,63.4,308.0
89,7,202.4,55.4,310.0
95,7,161.5,24.7,304.0
96,7,127.1,17.72,308.5
99,7,224.0,48.4,310.0
100,7,1184.2,69.76,305.5
102,7,5135.0,11981.667,2959104.0
103,7,45.6,15.56,3411146.5
107,7,33.6,7.24,3248184.5
114,7,3390.0,7910.0,1.2000168E7
116,7,659.6,59.4,310.0
117,7,661.1,48.5,48084.5
122,7,284.4,52.44,306.0
1,8,245.9,27.08,318.0
2,8,534.8,483.16,322.0
130,8,111.8,14.16,9204.0
3,8,91.5,12.9,327.0
4,8,139.7,13.84,92374.0
133,8,707.2,66.4,449678.0
139,8,611.8,69.56,295.0
142,8,155.5,25.2,286.5
14,8,147.3,10.42,318.0
145,8,1013.3,67.04,318.0
148,8,599.2,71.6,277.5
21,8,456.1,268.92,269.5
153,8,171.6,75.8,313.0
28,8,133.6,15.04,322.0
31,8,921.9,41.92,301.5
159,8,37259.0,335331.0,4056324.0
160,8,182.1,53.94,321.0
32,8,767.2,56.04,260.0
33,8,848.6,60.08,329.5
35,8,169.4,26.08,285.5
36,8,455.7,61.1,1.1933005E7
38,8,507.8,68.04,286.5
42,8,374.3,60.1,327.0
44,8,639.8,61.44,301.5
174,8,437.3,268.56,308.5
46,8,7587.8,237.44,6242944.5
181,8,1400.125,350.03125,1902680.5
56,8,487.0,342.0,92374.0
58,8,350.2,48.64,260.0
59,8,9628.0,86652.0,6242944.5
61,8,718.2,61.6,3866900.0
62,8,137.5,58.3,308.5
191,8,883.2,73.64,295.0
63,8,424.9,63.32,2461120.0
192,8,649.4,123.64,313.0
64,8,208.9,68.7,246.0
65,8,368.1,359.94,9204.0
194,8,144.1,21.32,1902680.5
72,8,465.5,140.3,329.5
74,8,727.8,252.24,3866900.0
76,8,71.4,12.84,310.0
77,8,519.1,69.12,448772.0
78,8,193.9,67.92,79549.5
80,8,595.7,53.42,318.0
81,8,216.4,46.6,4056324.0
88,8,63.0,10.8,308.5
89,8,407.3,99.36,310.0
95,8,123.9,10.04,321.0
96,8,492.4,127.4,308.5
99,8,136.9,7.46,269.5
100,8,440.8,51.24,285.5
102,8,2736.5,1824.3334,2461120.0
103,8,539.2,83.16,448772.0
107,8,42.6,14.32,449678.0
114,8,2465.0,3697.5,1.1933005E7
116,8,114.2,12.64,246.0
117,8,235.4,67.2,79549.5
122,8,514.7,86.7,277.5
1,9,780.4,233.12,285.0
2,9,348.7,92.56,303.0
130,9,237.0,84.4,5082.0
3,9,231.3,65.9,324.0
4,9,870.2,428.52,92310.0
133,9,569.7,51.5,209212.0
139,9,236.4,193.28,299.0
142,9,215.6,62.48,303.0
14,9,147.5,12.0,285.0
145,9,139.6,14.32,299.0
148,9,2861.5,91.8,311.0
21,9,133.9,9.46,289.0
153,9,141.5,53.5,284.0
28,9,1216.2,89.56,303.0
31,9,728.2,569.6,301.5
159,9,100000.0,10000.0,4603703.5
160,9,459.6,404.24,339.5
32,9,349.7,113.7,301.0
33,9,326.9,116.84,296.0
35,9,581.5,70.8,288.0
36,9,1932.3,79.3,1.1939683E7
38,9,144.3,26.76,303.0
42,9,237.1,58.3,324.0
44,9,148.1,17.74,301.5
174,9,659.8,68.84,314.0
46,9,76.3,8.16,6244068.0
181,9,1957.4286,838.89795,9798486.0
56,9,432.0,205.8,92310.0
58,9,122.9,43.7,301.0
59,9,357.2,158.92,6244068.0
61,9,347.0,186.4,5344910.5
62,9,476.2,66.6,289.0
191,9,305.0,75.2,299.0
63,9,600.3,64.36,936372.5
192,9,62.8,14.88,284.0
64,9,241.3,78.56,307.0
65,9,204.8,59.44,5082.0
194,9,272.0,71.8,9798486.0
72,9,128.8,20.2,296.0
74,9,105.1,9.92,5344910.5
76,9,1216.2,64.8,231.0
77,9,789.0,78.4,215420.0
78,9,434.9,108.3,79196.0
80,9,317.0,222.4,299.0
81,9,241.7,62.5,4603703.5
88,9,2914.7,67.1,289.0
89,9,444.4,49.8,231.0
95,9,375.0,112.8,339.5
96,9,125.3,12.76,314.0
99,9,305.7,64.82,289.0
100,9,238.4,57.28,288.0
102,9,105.8,11.36,936372.5
103,9,182.0,63.4,215420.0
107,9,197.3,68.7,209212.0
114,9,2611.75,3917.625,1.1939683E7
116,9,2842.3,70.7,307.0
117,9,168.8,87.72,79196.0
122,9,107.0,19.8,311.0
1,10,496.1,315.7,346.0
2,10,728.4,83.08,341.5
130,10,1173.3,814.84,14023.5
3,10,509.4,67.28,346.0
4,10,592.6,115.64,92432.0
133,10,683.3,68.5,692359.5
139,10,274.6,116.08,352.5
142,10,141.6,14.6,355.0
14,10,396.6,187.8,346.0
145,10,1437.7,1025.76,354.0
148,10,694.2,65.4,355.5
21,10,651.0,60.2,355.5
153,10,288.8,77.8,379.0
28,10,135.8,15.36,341.5
31,10,1295.4,46.92,341.0
159,10,1680.7,56.42,4012351.5
160,10,234.4,153.24,349.0
32,10,796.6667,104.07407,2109971.0
33,10,811.4,483.72,341.0
35,10,798.7,58.16,351.0
36,10,76.6,14.6,1.180816E7
38,10,531.6,87.08,355.0
42,10,155.8,58.36,346.0
44,10,354.5,376.1,341.0
174,10,520.8,93.2,358.5
46,10,506.0,72.6,6242377.5
181,10,1943.0,488.0,9753345.0
56,10,141.7,16.18,92432.0
58,10,95.5,26.3,2109971.0
59,10,5738.0,51642.0,6242377.5
61,10,92.2,8.44,3686736.5
62,10,582.2,60.4,366.5
191,10,60.6,10.76,352.5
63,10,789.4,67.0,2668873.0
192,10,595.7,67.3,379.0
64,10,239.7,66.7,368.0
65,10,657.3,420.24,14023.5
194,10,135.4,9.0,9753345.0
72,10,504.3,66.5,341.0
74,10,155.9,25.3,3686736.5
76,10,737.7,71.9,359.0
77,10,47.0,9.6,652920.5
78,10,437.8,295.24,79272.0
80,10,182.2,35.0,354.0
81,10,148.0,16.0,4012351.5
88,10,691.0,69.2,366.5
89,10,601.7,43.24,359.0
95,10,148.7,24.98,349.0
96,10,152.1,16.7,358.5
99,10,155.6,16.2,355.5
100,10,728.0,65.0,351.0
102,10,162.0,34.2,2668873.0
103,10,50.0,9.8,652920.5
107,10,330.8,77.8,692359.5
114,10,3792.3333,8848.777,1.180816E7
116,10,261.1,70.3,368.0
117,10,224.2,86.56,79272.0
122,10,295.9,85.28,355.5
1,11,228.0,26.8,243.0
2,11,211.2,60.0,292.0
130,11,2379.3,1349.98,14278.5
3,11,713.7,63.7,273.0
4,11,197.7,27.5,92639.5
133,11,1656.5,77.3,844844.0
139,11,1005.7,103.04,296.0
142,11,793.7,63.82,265.0
14,11,548.0,482.0,243.0
145,11,1098.8,503.28,229.0
148,11,111.4,23.28,238.0
21,11,3940.2,4489.44,267.5
153,11,538.3,74.44,232.0
28,11,699.8,70.0,292.0
31,11,827.9,63.14,292.5
159,11,1059.1,50.68,4337730.5
160,11,141.4,21.88,276.5
32,11,1244.375,315.0,8684522.0
33,11,994.3,66.04,285.0
35,11,1584.1,65.66,276.5
36,11,251.3,58.7,1.1936609E7
38,11,1260.3,69.24,265.0
42,11,665.1,70.7,273.0
44,11,169.8,24.36,292.5
174,11,643.3,83.84,287.0
46,11,284.0,71.2,7022220.5
181,11,15005.0,135045.0,9771422.0
56,11,225.0,50.6,92639.5
58,11,534.7,65.1,8684522.0
59,11,3752.5,15010.0,7022220.5
61,11,451.4,124.04,3505382.5
62,11,374.9,131.72,286.5
191,11,797.1,85.3,296.0
63,11,7967.0,1540.0,3127044.5
192,11,1468.8,91.4,232.0
64,11,725.4,68.4,229.0
65,11,111.5,16.0,14278.5
194,11,509.2,233.96,9771422.0
72,11,584.9,198.94,285.0
74,11,195.7,103.64,3505382.5
76,11,81.9,9.9,231.0
77,11,4362.2,70.0,781282.5
78,11,382.8,38.56,79183.0
80,11,1073.0,65.4,229.0
81,11,136.1,9.14,4337730.5
88,11,1673.9,76.3,286.5
89,11,77.4,14.4,231.0
95,11,711.0,63.2,276.5
96,11,176.3,43.9,287.0
99,11,204.9,59.88,267.5
100,11,793.8,75.6,276.5
102,11,1181.1,70.88,3127044.5
103,11,958.2,66.0,781282.5
107,11,761.5,279.8,844844.0
114,11,2470.75,3706.125,1.1936609E7
116,11,242.5,128.0,229.0
117,11,1418.8,60.4,79183.0
122,11,214.5,90.7,238.0
1,12,585.7,130.5,374.0
2,12,264.1,64.46,355.5
130,12,2743.0,104.0,10810.0
3,12,223.6,98.2,320.5
4,12,220.6,38.68,103902.5
133,12,149.4,72.96,543508.0
139,12,1165.5,83.5,287.0
142,12,321.0,96.0,320.0
14,12,264.1,30.3,374.0
145,12,146.4,20.16,285.0
148,12,2241.4,123.68,285.0
21,12,231.4,24.0,320.5
153,12,717.1,93.7,287.0
28,12,184.6,51.4,355.5
31,12,160.0,17.4,320.5
159,12,1766.1,73.26,3947433.5
160,12,272.0,61.6,296.0
32,12,1462.25,365.5625,9772817.0
33,12,118.7,17.84,320.5
35,12,174.9,45.66,320.5
36,12,244.3,79.1,1.3341402E7
38,12,391.1,87.08,320.0
42,12,564.7,68.5,320.5
44,12,591.6,52.48,320.5
174,12,501.7,86.48,296.0
46,12,930.9,506.94,6232461.5
181,12,1986.25,502.1875,9798343.0
56,12,642.7,483.3,103902.5
58,12,347.9,95.28,9772817.0
59,12,1125.2858,482.26532,6232461.5
61,12,1828.2,75.8,3680190.5
62,12,249.7,69.1,294.5
191,12,549.1,84.12,287.0
63,12,325.2,133.2,2626024.0
192,12,445.8,81.56,287.0
64,12,656.3,87.76,6791489.0
65,12,434.2,38.8,10810.0
194,12,3693.8,98.0,9798343.0
72,12,534.9,81.9,320.5
74,12,239.2,93.84,3680190.5
76,12,661.5,214.0,296.0
77,12,300.4,77.68,543703.0
78,12,72.7,12.98,79334.0
80,12,574.9,518.86,285.0
81,12,411.7,131.42,3947433.5
88,12,803.1,69.5,294.5
89,12,143.7,61.44,296.0
95,12,134.8,16.76,296.0
96,12,152.7,26.84,296.0
99,12,472.9,62.94,320.5
100,12,251.6,90.88,320.5
102,12,114.4,14.2,2626024.0
103,12,5588.5,460.4,543703.0
107,12,355.7,60.3,543508.0
114,12,10324.0,92916.0,1.3341402E7
116,12,1674.25,581.25,6791489.0
117,12,113.5,42.5,79334.0
122,12,708.4,125.04,285.0
1,13,240.6,30.0,293.0
2,13,241.5,37.8,285.0
130,13,1200.3,95.7,12683.0
3,13,116.9,25.28,285.0
4,13,483.6,309.2,92365.5
133,13,46.4,11.76,643185.0
139,13,69.1,16.12,359.5
142,13,402.6,226.76,257.0
14,13,182.1,37.14,293.0
145,13,1085.0,478.8,285.0
148,13,283.4,83.8,292.5
21,13,299.6,94.6,293.0
153,13,82.7,28.24,323.0
28,13,712.7,76.16,285.0
31,13,518.4,66.64,256.5
159,13,10775.5,43102.0,3984531.0
160,13,980.0,52.4,287.0
32,13,2149.625,537.40625,8700402.0
33,13,115.7,6.76,285.0
35,13,514.0,177.8,284.0
36,13,279.6,80.2,1.34763E7
38,13,1039.7,78.02,257.0
42,13,478.9,72.5,285.0
44,13,651.0,72.0,256.5
174,13,724.6,290.76,17298.0
46,13,725.5,374.7,6232461.5
181,13,1471.25,367.8125,1.2244802E7
56,13,342.5,74.2,92365.5
58,13,480.5,419.5,8700402.0
59,13,3371.6667,7867.222,6249753.0
61,13,322.4,297.16,3669853.0
62,13,322.7,287.64,287.0
191,13,68.1,13.92,359.5
63,13,376.0,86.0,2634136.0
192,13,70.3,13.36,323.0
64,13,238.3,88.36,1.1972866E7
65,13,1283.2,81.32,12683.0
194,13,163.9,31.68,1.2244802E7
72,13,123.8,20.48,285.0
74,13,111.7,15.44,3669853.0
76,13,1217.0,662.4,288.0
77,13,742.5,111.3,573524.5
78,13,546.2,144.92,89301.5
80,13,796.8,254.12,285.0
81,13,162.9,34.46,3984531.0
88,13,96.7,20.3,287.0
89,13,77.2,9.48,288.0
95,13,209.1,38.28,287.0
96,13,319.8,100.2,17298.0
99,13,275.0,102.8,293.0
100,13,686.7,76.3,284.0
102,13,5139.0,46251.0,2634136.0
103,13,1050.3,76.5,573524.5
107,13,74.6,38.24,643185.0
114,13,2546.5,3819.75,1.34763E7
116,13,100000.0,10000.0,1.1972866E7
117,13,690.9,71.3,89301.5
122,13,201.4,122.36,292.5
1,14,1251.4,51.12,229.0
2,14,300.3,74.1,284.0
130,14,1365.0,639.4,13446.5
3,14,314.5,159.2,284.0
4,14,746.9,227.36,92470.0
133,14,56.9,16.68,825353.5
139,14,274.2,88.0,268.0
142,14,822.8,920.92,285.0
14,14,861.0,116.2,229.0
145,14,3354.8,90.64,285.0
148,14,730.6,86.0,257.0
21,14,596.7,150.68,286.0
153,14,347.0,94.4,285.0
28,14,167.1,16.9,284.0
31,14,757.7,227.88,285.0
159,14,17397.0,69588.0,4012072.0
160,14,225.4,69.32,261.0
32,14,8030.5,32122.0,8698948.0
33,14,179.1,61.72,285.0
35,14,714.7,78.08,320.0
36,14,661.2,77.8,1.1954472E7
38,14,269.6,36.0,285.0
42,14,197.3,66.9,284.0
44,14,1444.1,44.48,285.0
174,14,1007.4,69.8,698115.5
46,14,896.5,422.5,6248829.5
181,14,1460.25,368.0,9809048.0
56,14,151.9,8.06,92470.0
58,14,627.9,300.34,8698948.0
59,14,100000.0,10000.0,6248829.5
61,14,106.8,18.36,3595527.0
62,14,7989.0,71901.0,1237239.0
191,14,323.3,148.96,268.0
63,14,349.4,79.0,3037771.5
192,14,95.6,34.44,285.0
64,14,1453.4,72.28,1.0640556E7
65,14,425.7,95.36,13446.5
194,14,155.2,20.28,9809048.0
72,14,1923.0,100.2,285.0
74,14,479.6,61.6,3595527.0
76,14,1634.2,94.04,270.0
77,14,328.9,364.06,813902.5
78,14,531.8,62.64,79155.0
80,14,917.2,296.28,285.0
81,14,815.1,186.48,4012072.0
88,14,1441.2,72.16,1237239.0
89,14,131.4,65.88,270.0
95,14,1188.5,140.0,261.0
96,14,127.5,7.8,698115.5
99,14,487.7,72.36,286.0
100,14,149.5,14.2,320.0
102,14,4473.0,17892.0,3037771.5
103,14,2019.7,97.1,813902.5
107,14,44.1,10.54,825353.5
114,14,5168.5,20674.0,1.1954472E7
116,14,2336.125,1235.5,1.0640556E7
117,14,79.5,22.5,79155.0
122,14,252.2,69.2,257.0
1,15,618.7,108.04,293.0
2,15,1393.1,75.26,293.0
130,15,485.8,476.52,22848.0
3,15,368.2,95.6,330.0
4,15,381.5,141.9,104100.5
133,15,2098.5,81.9,789961.0
139,15,970.5,141.6,324.0
142,15,266.4,102.92,285.0
14,15,428.7,127.78,293.0
145,15,1242.4,96.04,301.0
148,15,1254.8,1358.16,320.5
21,15,2434.4,67.44,285.0
153,15,386.2,91.56,296.0
28,15,154.3,17.22,293.0
31,15,318.7,194.64,320.5
159,15,1610.3,106.38,3873345.5
160,15,195.1,33.9,288.0
32,15,1072.9,78.14,9784852.0
33,15,171.8,50.64,293.0
35,15,2356.6,63.76,285.0
36,15,814.7,564.36,1.3419855E7
38,15,221.5,89.1,285.0
42,15,123.3,23.02,330.0
44,15,547.5,95.0,320.5
174,15,251.4,87.12,641682.0
46,15,803.4,78.0,7808257.0
181,15,2848.0,2848.0,9808772.0
56,15,314.0,123.4,104100.5
58,15,447.8,164.84,9784852.0
59,15,10545.0,94905.0,7808257.0
61,15,119.1,9.28,3900315.5
62,15,7807.0,70263.0,3234026.5
191,15,68.3,17.56,324.0
63,15,2452.0,94.0,3179877.0
192,15,295.0,267.6,296.0
64,15,620.0,410.8,1.3289226E7
65,15,730.7,75.16,22848.0
194,15,231.5,57.4,9808772.0
72,15,542.2,20.2,293.0
74,15,155.1,58.7,3900315.5
76,15,247.5,97.7,287.0
77,15,2380.4,75.0,684617.0
78,15,297.0,90.8,89122.5
80,15,167.0,29.4,301.0
81,15,248.6,202.28,3873345.5
88,15,575.0,223.6,3234026.5
89,15,801.1,264.08,287.0
95,15,1257.5,443.6,288.0
96,15,350.5,96.9,641682.0
99,15,216.1,34.32,285.0
100,15,915.5,310.0,285.0
102,15,828.1,92.5,3179877.0
103,15,123.6,99.16,684617.0
107,15,445.9,73.3,789961.0
114,15,2893.5,4340.25,1.3419855E7
116,15,1901.75,475.4375,1.3289226E7
117,15,494.4,77.88,89122.5
122,15,111.3,11.1,320.5
1,16,272.1,73.08,267.5
2,16,1279.7,56.64,2466846.0
130,16,247.6,74.28,10935.0
3,16,109.3,20.08,297.0
4,16,168.7,19.18,103895.0
133,16,162.0,85.4,575676.0
139,16,288.9,75.3,264.0
142,16,1176.9,95.32,2211658.0
14,16,380.8,205.76,267.5
145,16,1080.3,757.96,267.5
148,16,121.6,21.32,246.0
21,16,255.0,117.4,237.0
153,16,532.2,101.8,240.0
28,16,5067.857,2188.0613,2466846.0
31,16,167.3,24.02,277.0
159,16,7445.0,17371.666,4414662.5
160,16,539.8,315.72,248.0
32,16,2459.6667,1639.7778,8694951.0
33,16,1030.5,138.7,304.0
35,16,412.3,383.94,246.0
36,16,305.2,261.24,1.1939897E7
38,16,159.2,29.08,2211658.0
42,16,260.4,74.12,297.0
44,16,913.3,92.44,277.0
174,16,532.9,203.48,641933.0
46,16,97.0,15.4,7027084.5
181,16,3264.3333,2176.2222,9814490.0
56,16,700.0,51.6,103895.0
58,16,308.6,359.56,8694951.0
59,16,10620.0,95580.0,7027084.5
61,16,572.6,82.0,4035648.5
62,16,7850.0,70650.0,2875121.5
191,16,692.6,94.72,264.0
63,16,247.5,84.2,2683203.5
192,16,107.2,40.28,240.0
64,16,783.5,81.1,1.0649155E7
65,16,114.1,6.58,10935.0
194,16,200.7,50.44,9814490.0
72,16,638.9,578.48,304.0
74,16,415.7,80.7,4035648.5
76,16,224.8,76.0,270.0
77,16,920.9,88.1,694715.5
78,16,303.0,80.8,89087.0
80,16,839.1,90.68,267.5
81,16,222.3,49.9,4414662.5
88,16,263.2,92.0,2875121.5
89,16,680.5,103.3,270.0
95,16,147.6,10.2,248.0
96,16,215.7,30.64,641933.0
99,16,170.7,17.44,237.0
100,16,167.0,21.2,246.0
102,16,2971.1667,1980.7778,2683203.5
103,16,979.3,119.96,694715.5
107,16,155.0,77.8,575676.0
114,16,923.6,48.68,1.1939897E7
116,16,2135.5715,915.2449,1.0649155E7
117,16,1373.4,151.6,89087.0
122,16,321.8,124.16,246.0
1,17,392.7,121.36,284.0
2,17,152.0,19.4,2785070.5
130,17,124.8,10.56,11203.0
3,17,640.4,96.48,293.0
4,17,388.0,87.2,92337.5
133,17,503.4,133.12,623464.0
139,17,80.0,18.8,881417.5
142,17,145.9,9.5,2784744.5
14,17,302.3,166.02,284.0
145,17,401.5,141.7,284.0
148,17,120.2,24.28,285.0
21,17,551.5,232.9,330.0
153,17,169.5,97.5,287.0
28,17,17811.4,17811.4,2785070.5
31,17,162.7,15.58,300.0
159,17,4385.75,6578.625,3936257.5
160,17,637.5,110.0,288.0
32,17,1799.75,449.9375,8698024.0
33,17,124.6,15.6,285.0
35,17,479.0,191.4,329.5
36,17,958.6,89.0,1.1979302E7
38,17,808.7,89.82,2784744.5
42,17,197.8,66.32,293.0
44,17,169.1,10.88,300.0
174,17,442.5,241.8,642736.0
46,17,166.8,66.36,6250184.0
181,17,3040.6667,2027.1111,9807040.0
56,17,779.0,84.2,92337.5
58,17,77.4,7.6,8698024.0
59,17,10613.0,95517.0,6250184.0
61,17,109.8,11.72,3658119.0
62,17,4620.6665,10781.556,2874969.0
191,17,6868.625,1717.1562,881417.5
63,17,379.2,91.04,3010825.5
192,17,178.8,70.0,287.0
64,17,113.5,21.3,1.064666E7
65,17,140.5,24.5,11203.0
194,17,489.8,118.16,9807040.0
72,17,138.2,18.4,285.0
74,17,954.3,98.1,3658119.0
76,17,982.3,104.3,288.0
77,17,831.6,113.2,605194.0
78,17,102.1,30.54,79494.0
80,17,421.8,308.88,284.0
81,17,211.6,50.32,3936257.5
88,17,161.1,46.72,2874969.0
89,17,677.6,236.44,288.0
95,17,156.9,31.66,288.0
96,17,261.5,86.9,642736.0
99,17,161.1,12.52,330.0
100,17,1157.8,201.36,329.5
102,17,511.0,181.6,3010825.5
103,17,797.7,861.64,605194.0
107,17,77.1,34.74,623464.0
114,17,2319.25,3478.875,1.1979302E7
116,17,2422.2856,1038.1224,1.064666E7
117,17,1813.2,98.2,79494.0
122,17,674.5,137.1,285.0
1,18,326.3,78.78,356.0
2,18,550.3,341.36,3133990.5
130,18,146.2,22.96,10047.0
3,18,241.0,82.0,324.5
4,18,239.7,50.84,104081.5
133,18,763.3,157.1,541707.0
139,18,88.0,15.0,2291703.5
142,18,176.2,32.64,2786721.0
14,18,469.9,252.06,356.0
145,18,1225.8,112.4,285.0
148,18,1498.5,822.5,289.0
21,18,269.2,103.24,320.5
153,18,278.2,86.44,288.0
28,18,14047.5,21904.0,3133990.5
31,18,219.3,75.96,304.0
159,18,4785.0,7177.5,3930556.5
160,18,676.5,97.5,288.0
32,18,277.8,99.0,8698722.0
33,18,666.0,87.8,289.0
35,18,157.7,20.1,288.5
36,18,1455.1,125.52,1.1895474E7
38,18,317.7,48.04,2786721.0
42,18,331.8,83.08,324.5
44,18,716.4,324.04,304.0
174,18,146.7,8.36,643930.5
46,18,149.8,78.68,6242811.5
181,18,1916.5,1277.6666,9800704.0
56,18,284.4,94.92,104081.5
58,18,321.4,80.48,8698722.0
59,18,5396.0,21584.0,6242811.5
61,18,479.2,102.84,4006002.5
62,18,14942.0,134478.0,2872145.0
191,18,10158.286,4353.551,2291703.5
63,18,368.5,83.9,2249520.5
192,18,79.9,15.5,288.0
64,18,144.0,33.8,1.0640433E7
65,18,514.3,429.96,10047.0
194,18,258.8,97.76,9800704.0
72,18,358.0,94.4,289.0
74,18,1681.3,103.36,4006002.5
76,18,1246.7,409.88,288.0
77,18,793.4,866.08,569939.0
78,18,290.4,95.12,79215.0
80,18,771.1,102.1,285.0
81,18,145.4,10.0,3930556.5
88,18,81.6,11.04,2872145.0
89,18,186.6,105.52,288.0
95,18,208.6,48.4,288.0
96,18,502.6,187.48,643930.5
99,18,724.8,89.16,320.5
100,18,177.6,24.28,288.5
102,18,246.1,115.3,2249520.5
103,18,167.1,163.56,569939.0
107,18,302.5,82.5,541707.0
114,18,341.22223,239.54321,1.1895474E7
116,18,1399.0,155.44444,1.0640433E7
117,18,76.3,9.5,79215.0
122,18,332.3,114.5,289.0
1,19,189.4,16.6,276.5
2,19,1193.2,78.76,2786503.5
130,19,2100.7,218.84,9633.0
3,19,328.6,195.92,265.0
4,19,341.4,65.0,92461.0
133,19,651.9,99.9,515526.0
139,19,81.4,16.28,2290205.0
142,19,177.5,35.7,3134260.5
14,19,174.5,11.1,276.5
145,19,18320.0,164880.0,2066490.0
148,19,140.3,34.62,307.5
21,19,1041.5,39.0,311.5
153,19,441.8,81.84,279.5
28,19,14546.25,22402.75,2786503.5
31,19,161.5,11.8,275.0
159,19,2178.7,82.88,4338478.5
160,19,577.5,118.4,300.0
32,19,1862.125,465.53125,8696756.0
33,19,2349.0,80.4,261.0
35,19,190.6,57.44,257.0
36,19,710.2,85.0,1.1950055E7
38,19,885.5,102.5,3134260.5
42,19,255.8,80.6,265.0
44,19,513.4,78.92,275.0
174,19,162.8,22.36,722847.5
46,19,4167.0,96.8,6242998.0
181,19,3974.2,3974.2,9797640.0
56,19,357.9,85.26,92461.0
58,19,263.1,95.5,8696756.0
59,19,2612.25,3918.375,6242998.0
61,19,120.2,13.04,3657638.0
62,19,15127.0,136143.0,3234175.0
191,19,11810.429,5061.6123,2290205.0
63,19,677.9,85.88,2731991.5
192,19,958.2,135.6,279.5
64,19,271.7,82.1,1.0629766E7
65,19,182.6,85.88,9633.0
194,19,168.8,25.52,9797640.0
72,19,1630.7,89.9,261.0
74,19,1664.3,110.5,3657638.0
76,19,83.6,13.72,266.5
77,19,129.9,52.86,498749.5
78,19,316.3,94.3,79168.0
80,19,908.4,104.92,2066490.0
81,19,221.4,21.6,4338478.5
88,19,1743.5,110.1,3234175.0
89,19,95.2,21.88,266.5
95,19,171.9,33.86,300.0
96,19,218.8,33.04,722847.5
99,19,426.7,86.62,311.5
100,19,520.5,75.2,257.0
102,19,573.6,102.32,2731991.5
103,19,62.2,11.32,498749.5
107,19,66.2,23.24,515526.0
114,19,1210.2,1210.2,1.1950055E7
116,19,121.8,19.12,1.0629766E7
117,19,744.0,91.0,79168.0
122,19,590.2,116.4,307.5
1,20,205.4,17.6,293.0
2,20,918.2,99.12,3133130.5
130,20,1061.4,88.0,274258.5
3,20,143.4,17.32,293.0
4,20,197.2,30.16,178670.5
133,20,1139.2,96.0,583135.0
139,20,88.5,21.0,2579544.5
142,20,440.6,88.84,3133643.0
14,20,193.9,19.1,293.0
145,20,5173.2856,2217.1226,3380658.0
148,20,1585.9,1133.52,311.0
21,20,636.3,517.76,293.0
153,20,287.6,103.72,342.5
28,20,6794.7144,2912.0205,3133130.5
31,20,541.0,74.2,335.0
159,20,177.9,17.9,3922009.5
160,20,1334.6,87.76,296.0
32,20,1518.7778,186.28395,9783319.0
33,20,1283.4,109.68,351.0
35,20,827.5,86.5,335.0
36,20,1129.8,104.36,1.3469019E7
38,20,197.0,34.4,3133643.0
42,20,263.0,109.8,293.0
44,20,877.2,406.92,335.0
174,20,477.1,449.94,725266.5
46,20,100000.0,10000.0,6250379.0
181,20,1357.0,601.8571,1.2246676E7
56,20,1188.1,727.3,178670.5
58,20,174.3,47.3,9783319.0
59,20,11034.0,99306.0,6250379.0
61,20,522.6,207.88,3583140.5
62,20,7741.5,30966.0,2875131.0
191,20,5889.375,1477.75,2579544.5
63,20,616.6,206.28,2743225.0
192,20,96.6,21.6,342.5
64,20,112.9,18.68,1.0649869E7
65,20,259.8,182.48,274258.5
194,20,1129.0,65.8,1.2246676E7
72,20,1091.6,97.2,351.0
74,20,732.5,105.3,3583140.5
76,20,1253.7,94.5,293.0
77,20,663.1,129.5,585306.5
78,20,101.8,20.4,79224.0
80,20,335.1,93.9,3380658.0
81,20,156.5,15.4,3922009.5
88,20,854.0,103.0,2875131.0
89,20,393.9,107.92,293.0
95,20,202.2,73.16,296.0
96,20,430.4,390.24,725266.5
99,20,812.8,50.32,293.0
100,20,726.2,303.32,335.0
102,20,698.2,117.4,2743225.0
103,20,1222.5,78.4,585306.5
107,20,123.0,110.4,583135.0
114,20,3565.5,14262.0,1.3469019E7
116,20,1422.875,372.53125,1.0649869E7
117,20,130.3,52.76,79224.0
122,20,310.6,119.6,311.0
1,21,408.9,114.52,301.0
2,21,1041.3,97.5,2786155.5
130,21,1106.7,176.1,1.1443255E7
3,21,118.3,13.48,301.0
4,21,3206.0,28854.0,9604356.0
133,21,2883.3,191.7,757696.0
139,21,82.0,18.8,2576555.5
142,21,1053.4,184.96,2785875.0
14,21,1014.1,106.26,301.0
145,21,6747.4287,2891.7551,3379900.0
148,21,1907.1,1046.46,278.0
21,21,740.2,123.6,265.5
153,21,296.8,98.04,304.0
28,21,10048.167,6698.778,2786155.5
31,21,390.1,282.74,269.5
159,21,1479.875,386.78125,3901436.0
160,21,295.5,46.6,304.0
32,21,1074.625,365.75,8703959.0
33,21,881.6,612.48,297.5
35,21,1001.0,92.6,269.5
36,21,756.1,92.9,1.1925684E7
38,21,176.1,13.92,2785875.0
42,21,130.2,29.04,301.0
44,21,744.5,70.1,269.5
174,21,496.7,107.36,643600.0
46,21,316.9,116.3,6243224.5
181,21,2128.8572,912.3674,9797226.0
56,21,245.0,77.8,9604356.0
58,21,624.4,80.28,8703959.0
59,21,11030.0,99270.0,6243224.5
61,21,234.1,198.98,3513843.0
62,21,4465.6665,10419.889,2874079.0
191,21,10356.429,4438.469,2576555.5
63,21,1248.2,96.8,2817248.5
192,21,113.5,35.6,304.0
64,21,113.8,13.0,1.0625933E7
65,21,430.9,125.48,1.1443255E7
194,21,838.6,395.56,9797226.0
72,21,1475.5,89.6,297.5
74,21,828.8,112.8,3513843.0
76,21,100.8,17.0,310.0
77,21,66.5,14.8,669775.5
78,21,386.3,233.84,79388.5
80,21,285.8,73.44,3379900.0
81,21,330.8,159.0,3901436.0
88,21,841.7,166.9,2874079.0
89,21,377.1,114.08,310.0
95,21,161.1,18.28,304.0
96,21,163.9,35.06,643600.0
99,21,271.2,51.32,265.5
100,21,249.7,51.36,269.5
102,21,1366.2,83.6,2817248.5
103,21,312.1,103.5,669775.5
107,21,374.7,118.3,757696.0
114,21,1566.7,84.3,1.1925684E7
116,21,5532.0,22128.0,1.0625933E7
117,21,401.2,183.92,79388.5
122,21,294.0,90.6,278.0
1,22,534.1,169.14,293.0
2,22,349.0,80.8,2782530.0
130,22,1119.4,953.8,1.0176993E7
3,22,532.7,87.9,293.0
4,22,1897.5,474.375,9923956.0
133,22,517.8,275.28,865320.0
139,22,879.1,624.28,2290147.5
142,22,317.2,66.48,2782678.0
14,22,454.2,123.2,293.0
145,22,4373.0,1874.1428,3381355.5
148,22,142.0,20.4,284.5
21,22,237.3,30.68,293.0
153,22,182.8,72.2,7669250.5
28,22,9622.333,6414.8887,2782530.0
31,22,203.2,24.96,289.0
159,22,7880.0,31520.0,3943852.5
160,22,393.9,155.7,287.0
32,22,2122.0,909.4286,8701226.0
33,22,960.8,87.84,297.0
35,22,451.4,97.24,293.0
36,22,359.3,79.9,1.1976073E7
38,22,175.5,20.5,2782678.0
42,22,229.2,76.92,293.0
44,22,843.2,113.16,289.0
174,22,340.2,71.68,645774.0
46,22,264.9,132.32,6243702.0
181,22,3549.8333,2366.5557,9800470.0
56,22,870.3,781.82,9923956.0
58,22,360.0,285.8,8701226.0
59,22,11024.0,99216.0,6243702.0
61,22,450.7,109.42,3421495.5
62,22,100000.0,10000.0,2875067.5
191,22,5067.875,1266.9688,2290147.5
63,22,579.6,120.0,2885629.0
192,22,1613.8572,791.449,7669250.5
64,22,911.3,83.16,1.0642204E7
65,22,1643.75,410.9375,1.0176993E7
194,22,324.2,107.96,9800470.0
72,22,1461.7,64.9,297.0
74,22,1250.8,85.56,3421495.5
76,22,632.8,315.08,231.0
77,22,78.9,22.5,859130.0
78,22,149.7,61.44,79315.0
80,22,472.6,165.08,3381355.5
81,22,281.3,53.64,3943852.5
88,22,985.5,96.9,2874079.0
89,22,460.0,97.4,231.0
95,22,329.0,143.8,287.0
96,22,511.9,156.3,645774.0
99,22,174.8,15.4,293.0
100,22,209.0,22.4,293.0
102,22,16616.0,149544.0,2885629.0
103,22,601.1,121.12,859130.0
107,22,66.2,26.44,865320.0
114,22,4624.6665,10790.889,1.1976073E7
116,22,1548.8889,209.80247,1.0642204E7
117,22,810.5,89.9,79315.0
122,22,243.0,98.8,284.5
1,23,219.0,44.4,337.0
2,23,292.6,109.28,2785234.0
130,23,187.8,48.2,1.2735606E7
3,23,290.9,91.88,351.0
4,23,1462.8889,185.50618,1.1170966E7
133,23,460.1,324.9,830307.5
139,23,342.7,115.96,2581878.0
142,23,460.1,400.94,2785401.5
14,23,206.9,30.3,337.0
145,23,8421.0,4527.5713,3380477.5
148,23,752.3,141.9,386.0
21,23,520.2,278.92,342.0
153,23,246.6,114.0,1.0513902E7
28,23,8088.0,3468.0,2785234.0
31,23,329.6,127.0,333.0
159,23,2633.0,2633.0,3897985.5
160,23,905.6,112.56,362.0
32,23,1948.2858,834.9796,9790245.0
33,23,1230.1,648.06,333.0
35,23,884.1,128.12,333.0
36,23,704.4,104.2,1.3470594E7
38,23,176.1,8.52,2785401.5
42,23,183.7,32.7,351.0
44,23,526.9,290.46,333.0
174,23,667.0,114.2,644894.0
46,23,977.5,125.1,7030423.0
181,23,4624.6665,3083.111,9803388.0
56,23,1155.9,86.36,1.1170966E7
58,23,341.0,108.0,9790245.0
59,23,11043.0,99387.0,7030423.0
61,23,169.3,33.1,3865325.5
62,23,100000.0,10000.0,3234054.5
191,23,4193.375,1048.3438,2581878.0
63,23,409.3,110.1,3260847.0
192,23,1937.4286,1244.9796,1.0513902E7
64,23,478.8,118.4,1.3303109E7
65,23,169.9,37.48,1.2735606E7
194,23,228.8,65.6,9803388.0
72,23,159.8,18.16,333.0
74,23,344.5,420.5,3865325.5
76,23,359.7,110.24,359.0
77,23,975.7,114.9,737859.5
78,23,213.3,80.76,89171.0
80,23,1357.4,1138.2,3380477.5
81,23,319.6,123.04,3897985.5
88,23,1543.1,112.92,2874079.0
89,23,320.1,138.9,359.0
95,23,176.0,23.6,362.0
96,23,370.8,119.92,644894.0
99,23,207.8,28.48,342.0
100,23,525.6,98.16,333.0
102,23,1558.5,115.8,3260847.0
103,23,96.4,42.88,737859.5
107,23,200.3,110.36,830307.5
114,23,2331.8,2331.8,1.3470594E7
116,23,719.7778,97.50617,1.3303109E7
117,23,394.9,189.94,89171.0
122,23,1067.2,351.84,386.0
1,24,327.1,43.88,229.0
2,24,174.7,18.84,2784738.5
130,24,187.3,39.64,1.017517E7
3,24,397.6,112.92,229.0
4,24,1164.5,182.4,9928012.0
133,24,62.2,22.28,771375.0
139,24,509.1,426.7,2297168.0
142,24,1435.0,95.6,2784471.0
14,24,1345.8,464.52,229.0
145,24,7503.0,3215.5715,3802208.5
148,24,125.5,16.4,229.0
21,24,221.4,38.28,236.0
153,24,325.0,129.4,1.0513318E7
28,24,5992.625,1952.0625,2784738.5
31,24,327.4,76.92,265.5
159,24,204.2,33.6,4325898.5
160,24,385.3,166.62,240.0
32,24,1639.6666,210.92592,8703853.0
33,24,1261.0,1083.8,330.0
35,24,330.7,109.7,252.0
36,24,156.3,57.76,1.1914801E7
38,24,394.2,198.76,2784471.0
42,24,154.9,40.88,229.0
44,24,1299.2,112.52,265.5
174,24,1063.2,136.96,642770.5
46,24,1410.5,47.6,6233584.5
181,24,3115.1667,2076.7778,9804720.0
56,24,643.4,143.2,9928012.0
58,24,276.5,90.0,8703853.0
59,24,5689.5,22758.0,6233584.5
61,24,685.6,226.88,3822530.5
62,24,7920.0,31680.0,2874752.0
191,24,2558.6667,288.37036,2297168.0
63,24,167.8,36.8,2869574.0
192,24,3549.0,1521.0,1.0513318E7
64,24,288.0,156.6,1.0641449E7
65,24,478.8,94.24,1.017517E7
194,24,375.0,96.0,9804720.0
72,24,1395.5,112.5,330.0
74,24,2931.4,138.4,3822530.5
76,24,310.3,176.3,261.0
77,24,71.0,16.4,851764.5
78,24,306.8,98.44,89078.0
80,24,899.9,94.36,3802208.5
81,24,302.4,38.92,4325898.5
88,24,230.7,103.04,2874752.0
89,24,311.5,86.5,261.0
95,24,430.0,106.8,240.0
96,24,703.3,103.64,642770.5
99,24,389.5,142.9,236.0
100,24,1477.6,155.48,252.0
102,24,269.1,99.1,2869574.0
103,24,217.3,64.5,851764.5
107,24,558.8,162.6,771375.0
114,24,7804.0,31216.0,1.1914801E7
116,24,838.0,103.111115,1.0641449E7
117,24,2553.6,93.88,89078.0
122,24,371.0,148.2,229.0
1,25,181.6,9.4,336.5
2,25,336.8,98.48,3133223.0
130,25,1951.3,114.7,1.0165704E7
3,25,329.7,112.1,356.0
4,25,693.2,419.2,1.1165794E7
133,25,1258.3,242.32,837976.0
139,25,560.5,650.2,2296588.5
142,25,506.9,97.74,3133644.0
14,25,402.2,32.8,336.5
145,25,8280.429,3548.7551,3802396.0
148,25,679.1,140.08,320.5
21,25,12435.4,12435.4,832693.0
153,25,342.1,100.88,1.1832773E7
28,25,100000.0,10000.0,3133223.0
31,25,310.6,116.44,320.5
159,25,228.9,36.68,3886151.0
160,25,321.4,115.96,288.0
32,25,100000.0,10000.0,8703574.0
33,25,395.2,111.56,285.0
35,25,615.5,641.1,285.0
36,25,550.1,100.68,1.1975048E7
38,25,496.5,220.9,3133644.0
42,25,142.8,18.76,356.0
44,25,331.1,68.86,320.5
174,25,519.2,160.08,641837.0
46,25,1201.2,105.84,6233584.5
181,25,1719.625,434.0,9805078.0
56,25,501.2,143.56,1.1165794E7
58,25,873.9,360.34,8703574.0
59,25,11477.0,103293.0,7030679.5
61,25,1167.9,89.3,3338638.0
62,25,15968.0,143712.0,2875315.0
191,25,7999.5713,3428.3877,2296588.5
63,25,436.1,88.72,2952779.0
192,25,588.55554,84.80247,1.1832773E7
64,25,815.9,420.34,1.0635292E7
65,25,293.1,135.1,1.0165704E7
194,25,290.1,181.94,9805078.0
72,25,327.2,64.52,285.0
74,25,875.8,87.8,3338638.0
76,25,410.1,140.12,781713.0
77,25,329.6,112.6,893990.0
78,25,665.4,159.6,79343.0
80,25,504.6,132.2,3802396.0
81,25,201.7,35.3,3886151.0
88,25,550.5,130.0,2875315.0
89,25,723.8,264.88,781713.0
95,25,199.1,38.76,288.0
96,25,219.6,63.6,641837.0
99,25,186.5,30.2,832693.0
100,25,518.7,109.42,285.0
102,25,4912.0,19648.0,2952779.0
103,25,1056.8,1589.68,893990.0
107,25,62.3,15.16,837976.0
114,25,1793.3334,1195.5555,1.1975048E7
116,25,1157.2,442.72,1.0635292E7
117,25,3516.1,188.9,79343.0
122,25,300.6,95.08,320.5
1,26,808.0,137.0,330.0
2,26,180.7,35.78,2784069.0
130,26,157.5,20.5,1.0182696E7
3,26,331.9,115.12,293.0
4,26,5174.5,20698.0,9932601.0
133,26,4106.9,154.88,800808.0
139,26,74.0,9.6,2296083.5
142,26,1452.2,113.16,2784249.0
14,26,2029.3,72.58,330.0
145,26,6990.0,4936.3335,3381353.5
148,26,1116.7,232.28,269.0
21,26,13756.2,13756.2,2589131.5
153,26,156.8,59.96,1.0521884E7
28,26,8568.167,5712.1113,2784069.0
31,26,461.2,125.52,269.5
159,26,464.1,120.08,4359670.5
160,26,511.8,216.4,339.0
32,26,2045.625,511.40625,8704452.0
33,26,1308.1,120.1,288.5
35,26,2171.1,57.84,265.0
36,26,871.3,150.24,1.1933494E7
38,26,1558.8,82.92,2784249.0
42,26,1632.5,164.2,293.0
44,26,207.7,19.24,269.5
174,26,442.9,178.5,643296.5
46,26,990.0,113.0,6233584.5
181,26,2100.8572,900.3674,9803418.0
56,26,862.1,57.5,9932601.0
58,26,130.6,26.52,8704452.0
59,26,100000.0,10000.0,6249398.0
61,26,412.1,69.5,3404509.0
62,26,16053.0,144477.0,2875058.5
191,26,1083.4,1140.96,2296083.5
63,26,875.0,127.8,2924748.0
192,26,956.1111,118.18519,1.0521884E7
64,26,321.7,203.1,1.0643135E7
65,26,585.7,65.42,1.0182696E7
194,26,320.3,139.3,9803418.0
72,26,205.0,74.2,288.5
74,26,2317.0,948.4,3404509.0
76,26,325.5,114.4,2331182.0
77,26,79.6,17.0,2329426.0
78,26,533.5,153.4,79366.5
80,26,293.7,84.82,3381353.5
81,26,216.0,48.0,4359670.5
88,26,847.1,1045.74,2875058.5
89,26,450.2,174.16,2331182.0
95,26,502.9,136.72,339.0
96,26,190.5,24.8,643296.5
99,26,529.1,158.48,2589131.5
100,26,319.6,72.16,265.0
102,26,1162.7,92.64,2924748.0
103,26,572.6,91.12,2329426.0
107,26,1142.3,106.3,800808.0
114,26,1272.7142,703.9796,1.1933494E7
116,26,1454.2222,174.41975,1.0643135E7
117,26,2315.9,122.32,79366.5
122,26,233.6,56.48,269.0
1,27,890.1,492.88,251.0
2,27,1143.5,140.5,2782984.0
130,27,923.4,169.4,1.0173373E7
3,27,604.3,127.1,301.0
4,27,888.6667,142.37038,9926256.0
133,27,2439.5,124.9,933188.0
139,27,424.4,134.92,2295452.5
142,27,1525.4,354.32,2783221.0
14,27,1315.4,116.44,251.0
145,27,6051.4287,2593.4695,3381284.5
148,27,411.6,164.4,289.0
21,27,7551.1665,5034.1113,2303677.5
153,27,156.2,36.44,1.0517148E7
28,27,8845.667,5897.1113,2782984.0
31,27,280.8,53.28,293.0
159,27,3354.25,5031.375,3909293.5
160,27,822.4,112.04,333.0
32,27,1164.5555,159.02469,8700431.0
33,27,537.0,102.6,288.5
35,27,2354.5,144.6,301.0
36,27,642.2,151.24,1.1956409E7
38,27,212.7,32.64,2783221.0
42,27,534.7,127.32,301.0
44,27,1017.3,268.32,293.0
174,27,185.9,59.84,804570.5
46,27,605.4,140.08,6250065.0
181,27,4059.4,4059.4,1.1027248E7
56,27,190.6,23.8,9926256.0
58,27,767.8,337.88,8700431.0
59,27,5658.5,22634.0,6250065.0
61,27,390.2,128.8,3334098.0
62,27,7651.5,30606.0,3234099.0
191,27,9723.429,4167.1836,2295452.5
63,27,1541.2,114.36,2970772.0
192,27,2224.7144,953.449,1.0517148E7
64,27,987.4,172.6,1.0644428E7
65,27,366.1,153.7,1.0173373E7
194,27,313.4,91.92,1.1027248E7
72,27,1552.7,165.64,288.5
74,27,1160.8,128.8,3334098.0
76,27,372.5,161.7,2620179.5
77,27,1987.0,120.2,2331501.5
78,27,559.1,102.5,79160.0
80,27,545.9,106.32,3381284.5
81,27,233.2,46.64,3909293.5
88,27,1241.1,114.72,3234099.0
89,27,261.7,115.84,2620179.5
95,27,286.4,49.92,333.0
96,27,822.4,139.32,804570.5
99,27,375.6,182.0,2303677.5
100,27,670.7,208.56,301.0
102,27,8561.0,34244.0,2970772.0
103,27,118.2,28.8,2331501.5
107,27,836.3,141.7,933188.0
114,27,4893.5,19574.0,1.1956409E7
116,27,2345.5,586.375,1.0644428E7
117,27,599.2,106.16,79160.0
122,27,438.5,224.1,289.0
1,28,638.2,147.56,320.5
2,28,1886.2,179.8,3132936.5
130,28,294.8,123.76,1.1456498E7
3,28,382.1,134.28,320.5
4,28,1480.6666,987.1111,1.2412318E7
133,28,730.5,1199.9,1009138.0
139,28,276.5,108.3,2296762.0
142,28,289.0,123.2,2785155.0
14,28,1635.5,243.1,320.5
145,28,7692.5713,3296.8164,3380181.5
148,28,1467.9,139.5,320.5
21,28,12588.8,12588.8,2302952.0
153,28,419.6,117.28,1.0517728E7
28,28,11885.0,7923.3335,3132936.5
31,28,243.7,25.04,285.0
159,28,4510.3335,10524.111,3906506.0
160,28,455.2,163.04,288.0
32,28,1076.3334,138.62962,9795180.0
33,28,305.9,117.48,285.0
35,28,660.7,115.02,285.0
36,28,1770.1,165.88,1.3421449E7
38,28,297.8,78.68,2785155.0
42,28,947.4,622.32,320.5
44,28,2670.2,248.0,285.0
174,28,841.0,119.8,641952.0
46,28,2001.1,118.7,7030199.5
181,28,3668.4,3668.4,9802856.0
56,28,794.8,391.08,1.2412318E7
58,28,871.9,171.52,9795180.0
59,28,5505.0,22020.0,7030199.5
61,28,160.1,25.3,3715217.0
62,28,7578.5,30314.0,3234352.5
191,28,7683.7144,3293.0205,2296762.0
63,28,617.8,146.24,3350421.0
192,28,864.55554,161.66667,1.0517728E7
64,28,123.2,17.84,1.3248345E7
65,28,160.7,15.76,1.1456498E7
194,28,242.8,107.52,9802856.0
72,28,142.9,23.06,285.0
74,28,746.7,128.7,3715217.0
76,28,444.0,141.6,2326445.0
77,28,3413.3,302.9,2325538.0
78,28,344.0,104.2,89112.5
80,28,747.1,85.24,3380181.5
81,28,171.4,9.88,3906506.0
88,28,329.6,121.32,3234352.5
89,28,237.5,83.3,2326445.0
95,28,620.6,157.16,288.0
96,28,179.2,19.0,641952.0
99,28,387.3,102.38,2302952.0
100,28,1776.6,639.84,285.0
102,28,191.7,63.78,3350421.0
103,28,144.4,105.12,2325538.0
107,28,370.7,141.04,1009138.0
114,28,923.625,495.09375,1.3421449E7
116,28,2082.8333,1388.5555,1.3248345E7
117,28,394.9,338.28,89112.5
122,28,487.3,80.58,320.5
1,29,720.8,293.24,237.0
2,29,729.7,923.06,3130697.0
130,29,180.1,22.5,9362708.0
3,29,307.5,116.6,237.0
4,29,536.2,175.8,9179844.0
133,29,1493.4,161.48,1053618.0
139,29,1058.3,383.12,2297140.5
142,29,175.9,28.9,3130540.0
14,29,200.5,16.0,237.0
145,29,6664.4287,2856.1836,3380467.5
148,29,872.7,124.1,237.0
21,29,16265.6,16534.96,2303009.5
153,29,134.6,40.24,1.0515408E7
28,29,9742.571,4175.3877,3130697.0
31,29,537.1,208.7,257.5
159,29,7638.5,30554.0,3984472.0
160,29,407.1,115.5,231.0
32,29,1316.9,99.28,9774110.0
33,29,2275.6,111.4,301.5
35,29,907.8,99.72,258.0
36,29,421.6,113.48,1.3445122E7
38,29,333.3,116.9,3130540.0
42,29,424.0,164.2,237.0
44,29,318.0,115.0,257.5
174,29,405.9,116.5,642103.5
46,29,343.9,110.08,6250011.0
181,29,3585.1667,2390.111,9803411.0
56,29,2158.125,539.53125,9179844.0
58,29,545.5,106.2,9774110.0
59,29,5691.5,22766.0,6250011.0
61,29,2692.0,140.4,3314459.5
62,29,15986.0,143874.0,2875127.0
191,29,6176.8887,686.321,2297140.5
63,29,687.5,106.1,2984937.5
192,29,2204.0,551.0,1.0515408E7
64,29,734.3,153.3,1.0633994E7
65,29,291.6,167.68,9362708.0
194,29,236.5,37.7,9803411.0
72,29,178.2,37.08,301.5
74,29,1633.9,830.34,3314459.5
76,29,185.3,74.1,2329626.5
77,29,395.9,131.7,2330451.0
78,29,102.2,11.64,79200.0
80,29,1248.8,135.4,3380467.5
81,29,299.3,41.84,3984472.0
88,29,419.4,146.48,2875127.0
89,29,832.0,114.0,2329626.5
95,29,566.3,132.5,231.0
96,29,249.7,67.98,642103.5
99,29,510.1,107.66,2303009.5
100,29,347.7,155.18,258.0
102,29,4480.0,17920.0,2984937.5
103,29,267.2,121.24,2330451.0
107,29,413.3,227.04,1053618.0
114,29,301.1,112.14,1.3445122E7
116,29,1992.75,498.1875,1.0633994E7
117,29,1199.5,227.2,79200.0
122,29,469.4,112.08,237.0
1,30,224.3,23.58,285.0
2,30,1563.0,108.8,2782593.5
130,30,457.9,235.08,9126890.0
3,30,143.2,13.0,285.0
4,30,3626.0,14504.0,9006020.0
133,30,2037.8,759.52,1025833.5
139,30,978.9,131.7,2291023.0
142,30,1819.4,85.56,2782531.0
14,30,247.0,44.8,285.0
145,30,6744.2856,2890.4082,3380469.0
148,30,2294.5,113.9,285.0
21,30,9464.143,4117.5713,2302479.5
153,30,147.2,47.0,1.0504528E7
28,30,9324.875,2350.2812,2782593.5
31,30,1342.5,83.6,285.0
159,30,1727.5,932.9,3875123.5
160,30,367.4,100.84,287.0
32,30,3479.2856,1491.1224,8691850.0
33,30,978.5,128.8,285.0
35,30,210.2,22.64,285.0
36,30,955.4,115.12,1.1890343E7
38,30,2316.8,129.08,2782531.0
42,30,347.7,108.04,285.0
44,30,198.9,19.32,285.0
174,30,911.3,124.84,643643.5
46,30,1117.6,122.72,6240082.0
181,30,3083.6667,2055.7778,9805880.0
56,30,646.9,284.28,9006020.0
58,30,615.2,246.6,8691850.0
59,30,100000.0,10000.0,6240082.0
61,30,1403.7,100.9,3293577.5
62,30,100000.0,10000.0,2871660.0
191,30,373.2,246.8,2291023.0
63,30,174.1,30.7,2969144.0
192,30,2684.0,130.2,1.0504528E7
64,30,2193.5,107.9,1.0628668E7
65,30,824.8571,440.69388,9126890.0
194,30,193.8,24.4,9805880.0
72,30,206.2,24.76,285.0
74,30,1458.9,138.9,3293577.5
76,30,528.5,173.4,2329655.5
77,30,95.0,30.4,2329098.0
78,30,1280.7,109.36,79486.0
80,30,295.9,129.48,3380469.0
81,30,887.2,95.88,3875123.5
88,30,464.8,94.4,2871660.0
89,30,949.7,122.56,2329655.5
95,30,178.6,20.2,287.0
96,30,198.7,41.98,643643.5
99,30,348.4,102.0,2302479.5
100,30,1513.5,135.3,285.0
102,30,3749.5,5624.25,2969144.0
103,30,588.3,187.78,2329098.0
107,30,146.6,74.72,1025833.5
114,30,2352.0,9408.0,1.1890343E7
116,30,2821.0,1209.0,1.0628668E7
117,30,822.1,128.9,79486.0
122,30,189.6,37.72,285.0
1,31,227.6,25.08,285.0
2,31,793.6,85.84,2783427.0
130,31,197.5,27.0,9608660.0
3,31,166.6,32.32,285.0
4,31,5105.0,20420.0,1.0792466E7
133,31,469.2,268.36,1231355.5
139,31,488.0,180.8,2583288.5
142,31,1311.9,880.32,2783172.0
14,31,276.2,32.52,285.0
145,31,7902.3335,5268.222,3381735.5
148,31,265.2,113.08,330.0
21,31,14287.0,9524.667,2303714.5
153,31,1431.9,174.5,1.0517852E7
28,31,14423.2,14423.2,2783427.0
31,31,489.1,108.04,257.0
159,31,7746.0,18074.0,4006439.5
160,31,477.6,127.12,288.0
32,31,5585.5713,2393.8164,9795866.0
33,31,509.0,144.6,284.5
35,31,392.1,86.14,284.0
36,31,475.1,250.5,1.3451807E7
38,31,1357.7,303.56,2783172.0
42,31,343.5,114.5,285.0
44,31,214.6,37.6,257.0
174,31,907.0,294.8,642839.0
46,31,656.4,28.48,7030937.0
181,31,3018.8333,2012.5555,9803127.0
56,31,319.6,82.72,1.0792466E7
58,31,842.8,165.84,9795866.0
59,31,12020.0,48080.0,7030937.0
61,31,1129.7,773.7,3720106.5
62,31,100000.0,10000.0,3234133.0
191,31,7123.143,3075.3062,2583288.5
63,31,754.3,130.5,3399015.5
192,31,2624.875,656.21875,1.0517852E7
64,31,256.3,99.36,1.330236E7
65,31,528.6,195.4,9608660.0
194,31,475.3,114.42,9803127.0
72,31,1998.3,253.64,284.5
74,31,2053.7,147.16,3720106.5
76,31,673.1,147.7,2330586.5
77,31,368.9,355.46,2329690.0
78,31,748.5,361.9,89112.5
80,31,423.4,91.16,3381735.5
81,31,347.8,132.24,4006439.5
88,31,124.8,20.16,3234133.0
89,31,435.4,170.2,2330586.5
95,31,277.8,85.4,288.0
96,31,165.6,20.6,642839.0
99,31,366.5,115.7,2303714.5
100,31,1109.4,111.12,284.0
102,31,159.9,21.28,3399015.5
103,31,795.1,187.08,2329690.0
107,31,520.2,156.8,1231355.5
114,31,2988.3333,1992.2222,1.3451807E7
116,31,2062.625,515.65625,1.330236E7
117,31,2775.6,438.2,89112.5
122,31,886.1,436.26,330.0
1,32,1255.2,262.48,3378134.5
2,32,404.1,213.54,2782299.5
130,32,2338.9,314.7,6593384.5
3,32,782.1,143.9,293.0
4,32,2812.6667,1875.1111,9732560.0
133,32,103.2,42.68,1274808.5
139,32,401.1,165.72,2296014.0
142,32,890.6,109.44,2782673.0
14,32,372.0,69.6,3378134.5
145,32,6694.0,2868.8572,3379277.5
148,32,164.1,34.74,269.5
21,32,10749.333,7166.222,2589548.0
153,32,439.8,131.6,1.0512113E7
28,32,5075.0,1270.5,2782299.5
31,32,250.2,59.84,277.5
159,32,2083.4,152.32,3968441.5
160,32,304.2,71.08,248.0
32,32,35581.0,320229.0,8704236.0
33,32,1192.8,661.0,278.0
35,32,1121.2,116.12,310.5
36,32,127.5,16.3,1.1909915E7
38,32,571.4,152.84,2782673.0
42,32,253.0,87.4,293.0
44,32,763.8,344.44,277.5
174,32,569.8,206.84,643505.0
46,32,100000.0,10000.0,6250112.5
181,32,2696.8333,1797.8889,9804270.0
56,32,211.7,39.12,9732560.0
58,32,776.0,231.4,8704236.0
59,32,2116.6,2116.6,6250112.5
61,32,1648.2,88.04,3293799.0
62,32,15757.0,141813.0,2875141.0
191,32,3878.5,1741.9,2296014.0
63,32,759.8,178.32,3384907.0
192,32,1468.5555,389.04938,1.0512113E7
64,32,563.3,297.48,1.0637474E7
65,32,1663.8,196.24,6593384.5
194,32,1125.7,137.62,9804270.0
72,32,1045.4,137.52,278.0
74,32,616.0,473.4,3293799.0
76,32,194.8,85.96,2333511.0
77,32,688.0,125.6,2626138.5
78,32,894.3,124.24,79168.0
80,32,719.0,125.2,3379277.5
81,32,501.8,96.72,3968441.5
88,32,821.1,681.38,2875141.0
89,32,1446.1,259.68,2333511.0
95,32,298.6,103.92,248.0
96,32,190.0,17.2,643505.0
99,32,576.6,100.64,2589548.0
100,32,1028.6,284.68,310.5
102,32,1881.625,475.09375,3384907.0
103,32,536.5,214.9,2626138.5
107,32,465.6,142.6,1274808.5
114,32,1705.4286,738.7755,1.1909915E7
116,32,676.0,260.8889,1.0637474E7
117,32,887.1,162.7,79168.0
122,32,170.3,30.88,269.5
1,33,1276.1,174.12,5865515.0
2,33,261.0,22.0,3130634.0
130,33,194.7,12.44,6629049.0
3,33,814.4,294.32,377.0
4,33,1981.4286,849.18365,1.1155888E7
133,33,1442.4,271.52,1053482.5
139,33,1420.7,160.1,1017075.5
142,33,792.9,99.36,3130709.0
14,33,1063.9,222.96,5865515.0
145,33,6501.0,2786.1428,3803563.0
148,33,1381.2,114.8,335.0
21,33,24705.25,37057.875,2592412.5
153,33,113.8,9.16,1.1827866E7
28,33,7629.7144,3796.5305,3130634.0
31,33,309.8,36.4,335.0
159,33,11676.5,46706.0,3990263.0
160,33,669.3,138.7,304.0
32,33,802.3,121.16,1428622.5
33,33,1302.6,611.56,297.5
35,33,210.0,22.6,305.5
36,33,351.1,172.1,1.1947584E7
38,33,879.2,269.08,3130709.0
42,33,374.4,229.2,377.0
44,33,2760.7,984.08,335.0
174,33,738.7,207.3,638061.5
46,33,218.3,78.9,7013700.5
181,33,100000.0,10000.0,9803586.0
56,33,554.8,147.64,1.1155888E7
58,33,215.6,76.72,1428622.5
59,33,11299.0,101691.0,7013700.5
61,33,242.7,76.04,3337881.0
62,33,15328.0,137952.0,2874508.5
191,33,770.5,417.2,1017075.5
63,33,334.2,116.32,2980600.5
192,33,7254.5,29018.0,1.1827866E7
64,33,390.8,177.44,1.0636094E7
65,33,2001.6,155.48,6629049.0
194,33,232.1,41.48,9803586.0
72,33,1795.7,1583.1,297.5
74,33,300.2,104.6,3337881.0
76,33,606.3,173.56,2330073.5
77,33,234.9,259.84,2329353.0
78,33,722.6,121.88,79232.0
80,33,714.2,427.36,3803563.0
81,33,655.4,181.52,3990263.0
88,33,455.3,560.28,2874508.5
89,33,224.2,135.96,2330073.5
95,33,410.1,199.34,304.0
96,33,352.4,188.0,638061.5
99,33,485.6,220.68,2592412.5
100,33,1625.4,133.32,305.5
102,33,1083.8,121.6,2980600.5
103,33,2140.4,158.6,2329353.0
107,33,563.2,218.4,1053482.5
114,33,1997.4286,2437.9592,1.1947584E7
116,33,1837.1,104.72,1.0636094E7
117,33,3237.4,122.32,79232.0
122,33,360.1,113.7,335.0
1,34,1367.2,187.88,3785829.5
2,34,2221.4,106.56,2781488.0
130,34,1033.8,188.04,6135642.5
3,34,785.6,188.12,257.0
4,34,526.7,174.82,9828775.0
133,34,1131.1,137.3,1074789.0
139,34,432.2,140.0,259.5
142,34,2647.9,123.56,2781544.5
14,34,445.3,72.58,3785829.5
145,34,6270.0,2687.1428,3380969.5
148,34,2469.0,142.0,229.0
21,34,9684.5,2422.5,2301847.0
153,34,226.2,60.76,1.0520925E7
28,34,14577.0,21865.5,2781488.0
31,34,343.1,86.06,229.0
159,34,3393.8333,2262.5557,3915504.5
160,34,796.8,120.4,240.0
32,34,231.6,49.24,229.0
33,34,1973.7,661.28,284.0
35,34,1712.1,123.92,229.0
36,34,505.4,169.8,1.1923345E7
38,34,359.6,62.76,2781544.5
42,34,1194.6,1162.04,257.0
44,34,2385.4,144.92,229.0
174,34,1154.8,124.76,639816.0
46,34,314.1,93.34,6248678.0
181,34,100000.0,10000.0,9810327.0
56,34,664.1,233.54,9828775.0
58,34,149.7,35.3,229.0
59,34,5811.5,23246.0,6248678.0
61,34,477.5,118.7,3312364.0
62,34,15664.0,140976.0,2874962.0
191,34,371.4,134.2,259.5
63,34,876.0,132.0,3010629.5
192,34,4100.25,6150.375,1.0520925E7
64,34,226.8,66.36,1.06379E7
65,34,1606.625,494.84375,6135642.5
194,34,1596.0,438.4,9810327.0
72,34,1168.2,114.68,284.0
74,34,351.4,309.76,3312364.0
76,34,380.4,144.92,2326698.0
77,34,1010.2,196.0,2326569.0
78,34,197.2,61.8,79362.0
80,34,1267.2,185.76,3380969.5
81,34,456.1,106.64,3915504.5
88,34,392.1,210.74,2874962.0
89,34,744.4,194.0,2326698.0
95,34,1136.5,238.9,240.0
96,34,489.9,167.28,639816.0
99,34,214.3,29.56,2301847.0
100,34,2571.6,194.56,229.0
102,34,1573.2,682.16,3010629.5
103,34,4780.2,147.36,2326569.0
107,34,145.8,84.68,1074789.0
114,34,3466.125,871.0,1.1923345E7
116,34,3034.5,2023.0,1.06379E7
117,34,742.3,195.3,79362.0
122,34,410.4,117.8,229.0
1,35,477.9,277.28,4795025.5
2,35,1093.3,320.72,2781936.0
130,35,2876.2,148.36,6118420.0
3,35,213.6,52.24,293.0
4,35,8941.0,80469.0,9878094.0
133,35,408.7,157.64,992191.5
139,35,996.7,135.5,296.0
142,35,1587.6,554.76,2781726.5
14,35,1582.5,113.0,4795025.5
145,35,7660.4287,3283.0408,3381211.5
148,35,1626.7,157.5,284.0
21,35,9073.571,4035.0815,2589651.0
153,35,592.1,129.1,1.0507943E7
28,35,8733.143,3742.7754,2781936.0
31,35,475.3,328.68,293.0
159,35,1801.7,171.62,3868009.0
160,35,235.4,53.88,288.0
32,35,607.4,125.52,285.0
33,35,271.1,133.74,284.0
35,35,207.8,14.0,285.0
36,35,162.2,52.88,1.1941458E7
38,35,297.9,28.3,2781726.5
42,35,1560.2,143.56,293.0
44,35,422.6,92.28,293.0
174,35,271.7,89.5,520041.0
46,35,2872.8,107.16,6250075.0
181,35,1876.625,499.1875,9798740.0
56,35,1531.7,101.92,9878094.0
58,35,2810.3,978.96,285.0
59,35,5780.5,23122.0,6250075.0
61,35,1229.7,426.28,3272586.5
62,35,5560.3335,12974.111,2875006.0
191,35,1961.8,125.36,296.0
63,35,279.2,46.96,3028201.5
192,35,3826.6667,425.18518,1.0507943E7
64,35,1454.3,128.5,1.0636223E7
65,35,2086.6,149.08,6118420.0
194,35,1230.3,767.04,9798740.0
72,35,1704.3,1206.04,284.0
74,35,673.2,119.8,3272586.5
76,35,789.8,84.72,2332511.0
77,35,486.6,151.72,2333078.0
78,35,12474.1,261.7,79307.0
80,35,18271.0,1593.8,3381211.5
81,35,285.9,70.82,3868009.0
88,35,1414.0,143.4,2875006.0
89,35,197.3,104.16,2332511.0
95,35,1569.9,143.34,288.0
96,35,259.3,78.62,520041.0
99,35,364.4,108.84,2589651.0
100,35,306.2,114.92,285.0
102,35,100000.0,10000.0,3028201.5
103,35,1426.3,121.56,2333078.0
107,35,1949.9,121.12,992191.5
114,35,6905.3335,16112.444,1.1941458E7
116,35,1134.0,266.66666,1.0636223E7
117,35,119.4,22.0,79307.0
122,35,180.7,31.16,284.0
1,36,275.2,63.72,4364984.0
2,36,2450.6,403.92,2782264.0
130,36,312.1,73.54,6042127.0
3,36,637.2,134.4,293.0
4,36,3612.75,5419.125,9911574.0
133,36,1031.3,811.9,1063519.0
139,36,1054.3,946.1,288.0
142,36,383.7,92.5,2782436.0
14,36,652.6,227.4,4364984.0
145,36,7584.1665,5056.1113,3379340.5
148,36,3008.7,189.7,293.0
21,36,13806.167,9204.111,2302891.0
153,36,1451.3,131.56,1.0484984E7
28,36,8365.375,2099.0,2782264.0
31,36,316.7,85.3,285.0
159,36,7234.6665,16880.889,4419551.5
160,36,748.3,463.22,359.0
32,36,1585.0,174.0,285.0
33,36,1833.4,126.2,293.0
35,36,706.0,116.4,284.0
36,36,603.6,180.92,1.192897E7
38,36,1210.7,154.96,2782436.0
42,36,435.0,133.2,293.0
44,36,4492.7,98.78,285.0
174,36,1132.5,376.0,352.0
46,36,2349.1,143.26,6249488.0
181,36,2151.3333,271.25925,9789737.0
56,36,324.8,41.8,9911574.0
58,36,2096.5,150.3,285.0
59,36,11757.0,105813.0,6249488.0
61,36,1324.6,1360.64,3299602.5
62,36,100000.0,10000.0,3231783.0
191,36,706.6,320.4,288.0
63,36,734.4,137.52,3010190.0
192,36,2298.889,296.79013,1.0484984E7
64,36,1209.6,242.8,1.0635251E7
65,36,1217.6666,491.51852,6042127.0
194,36,280.7,46.56,9789737.0
72,36,4032.2,142.96,293.0
74,36,332.1,66.66,3299602.5
76,36,364.9,150.3,2617790.5
77,36,823.3,188.9,2326161.0
78,36,723.3,117.24,79219.0
80,36,1028.9,414.34,3379340.5
81,36,850.0,267.0,4419551.5
88,36,793.8,380.28,3231783.0
89,36,138.1,34.92,2617790.5
95,36,644.0,200.8,359.0
96,36,499.1,297.1,352.0
99,36,366.3,177.82,2302891.0
100,36,1601.3,162.3,284.0
102,36,17998.0,161982.0,3010190.0
103,36,1436.7,128.9,2326161.0
107,36,431.8,191.92,1063519.0
114,36,3444.2,3444.2,1.192897E7
116,36,4483.3335,10461.111,1.0635251E7
117,36,1741.1,1326.7,79219.0
122,36,717.6,228.8,293.0
1,37,1349.8,124.72,4395631.0
2,37,487.8,109.48,3128281.5
130,37,268.0,53.2,6178995.0
3,37,2374.6,339.32,246.0
4,37,4467.2,4467.2,9913792.0
133,37,1171.6,453.4,1181431.5
139,37,317.5,120.9,324.0
142,37,1324.7,216.3,3128236.0
14,37,242.6,21.6,4395631.0
145,37,3940.25,985.0625,3380857.0
148,37,319.0,146.2,273.5
21,37,15767.167,10511.444,2588224.5
153,37,400.4,141.92,1.1827313E7
28,37,6413.6665,5527.3335,3128281.5
31,37,1695.0,135.6,304.0
159,37,1336.125,482.125,3873172.0
160,37,876.4,199.56,248.0
32,37,230.4,87.0,277.0
33,37,1111.4,810.48,339.0
35,37,670.4,168.32,331.5
36,37,1132.2,146.6,1.3449474E7
38,37,2536.4,262.48,3128236.0
42,37,198.7,35.18,246.0
44,37,685.2,397.44,304.0
174,37,218.7,29.36,276.0
46,37,495.8,176.36,6250003.0
181,37,2316.875,579.21875,1.1012556E7
56,37,255.7,29.36,9913792.0
58,37,722.5,192.5,277.0
59,37,100000.0,10000.0,6250003.0
61,37,2255.7,170.7,3231764.0
62,37,539.4,139.28,1899177.5
191,37,5780.5,160.8,324.0
63,37,392.1,167.88,3395195.0
192,37,7841.875,1960.4688,1.1827313E7
64,37,1053.3,900.62,1.0625251E7
65,37,1262.625,496.34375,6178995.0
194,37,362.5,108.0,1.1012556E7
72,37,732.4,158.92,339.0
74,37,3064.8,201.8,3231764.0
76,37,1219.0,203.4,2323557.5
77,37,1533.9,1139.72,2614596.5
78,37,837.9,152.12,79172.0
80,37,416.1,127.16,3380857.0
81,37,602.7,135.24,3873172.0
88,37,201.3,55.24,1899177.5
89,37,379.2,130.96,2323557.5
95,37,232.9,35.52,248.0
96,37,657.3,190.78,276.0
99,37,559.6,359.48,2588224.5
100,37,1127.7,1222.38,331.5
102,37,442.2,303.24,3395195.0
103,37,754.1,729.56,2614596.5
107,37,4882.8,1032.4,1181431.5
114,37,10132.5,40530.0,1.3449474E7
116,37,2436.375,609.09375,1.0625251E7
117,37,1114.6,139.0,79172.0
122,37,362.5,88.7,273.5
1,38,4358.5,92.2,4899538.5
2,38,2988.4,562.88,2780728.0
130,38,2356.4,188.36,6990261.0
3,38,714.6,67.44,310.0
4,38,9311.5,37246.0,9913435.0
133,38,2643.7,118.9,1110708.5
139,38,656.2,253.28,312.0
142,38,668.2,164.32,2780938.0
14,38,297.5,69.2,4899538.5
145,38,10288.4,10288.4,3382040.0
148,38,2344.9,188.3,318.0
21,38,10016.857,4292.939,2302318.0
153,38,128.9,18.3,1.0506592E7
28,38,9171.0,3930.4285,2780728.0
31,38,674.2,257.96,324.0
159,38,5168.25,7752.375,3829471.5
160,38,386.4,204.88,313.0
32,38,150.1,33.54,318.0
33,38,336.2,51.56,310.0
35,38,284.7,49.7,318.0
36,38,1521.2,197.56,1.1876922E7
38,38,1253.8,936.0,2780938.0
42,38,474.2,175.36,310.0
44,38,3607.4,328.4,324.0
174,38,724.0,274.8,312.0
46,38,1690.9,217.1,6245130.5
181,38,3748.2856,1606.4082,9773877.0
56,38,729.8,184.88,9913435.0
58,38,997.5,151.4,318.0
59,38,11848.0,106632.0,6245130.5
61,38,2672.7,963.88,3147020.0
62,38,3968.75,5953.125,1495396.0
191,38,1228.9,227.12,312.0
63,38,1037.9,133.72,3029879.5
192,38,1617.4445,372.50616,1.0506592E7
64,38,666.9,233.28,1.0617931E7
65,38,505.2,21.04,6990261.0
194,38,833.5,259.3,9773877.0
72,38,1308.0,455.6,310.0
74,38,1952.2,161.8,3147020.0
76,38,1932.9,218.94,2327720.0
77,38,1151.8,240.84,2327507.5
78,38,1155.9,180.12,79245.0
80,38,1292.1,148.52,3382040.0
81,38,510.5,159.9,3829471.5
88,38,1332.0,204.0,1495396.0
89,38,380.0,190.0,2327720.0
95,38,498.8,76.24,313.0
96,38,371.0,93.8,312.0
99,38,3837.4,143.32,2302318.0
100,38,2030.9,177.54,318.0
102,38,811.4,263.48,3029879.5
103,38,1212.6,254.4,2327507.5
107,38,131.2,59.48,1110708.5
114,38,20425.0,183825.0,1.1876922E7
116,38,1653.4,154.2,1.0617931E7
117,38,1711.2,962.44,79245.0
122,38,174.4,48.96,318.0
1,39,773.0,259.6,5739241.5
2,39,3986.8,91.8,3128394.0
130,39,2162.7,183.28,6179361.0
3,39,469.7,163.16,320.5
4,39,3427.0,2385.6667,1.1152131E7
133,39,1858.9,485.9,1335067.5
139,39,2232.1,240.28,287.0
142,39,440.5,66.0,3128596.0
14,39,2000.8,252.52,5739241.5
145,39,6267.75,1566.9375,3801133.0
148,39,1188.0,343.0,286.0
21,39,10836.5,7224.3335,2588084.0
153,39,156.4,36.08,1.1827712E7
28,39,10136.571,4344.245,3128394.0
31,39,317.8,62.16,257.0
159,39,22428.0,201852.0,3920425.0
160,39,1312.3,350.04,288.0
32,39,1123.5,130.6,229.0
33,39,712.0,172.2,284.0
35,39,279.7,64.7,257.0
36,39,161.3,31.98,1.191872E7
38,39,2239.1,446.46,3128596.0
42,39,779.3,301.5,320.5
44,39,2505.2,165.12,257.0
174,39,1842.1,178.68,287.0
46,39,978.9,1050.66,6247193.0
181,39,1527.1111,234.91357,9778888.0
56,39,2513.4,282.24,1.1152131E7
58,39,558.2,133.0,229.0
59,39,6026.0,24104.0,6247193.0
61,39,229.6,17.0,3124937.0
62,39,3747.5,5621.25,2875496.5
191,39,523.8,147.4,287.0
63,39,244.7,45.44,3041012.0
192,39,7361.5,29446.0,1.1827712E7
64,39,724.4,218.32,1.0639488E7
65,39,935.9,119.52,6179361.0
194,39,308.1,27.28,9778888.0
72,39,2338.2,147.64,284.0
74,39,970.1,1030.54,3124937.0
76,39,1594.0,387.6,2323721.5
77,39,3133.0,445.4,2323639.5
78,39,466.2,179.2,79513.0
80,39,942.9,276.7,3801133.0
81,39,542.1,167.86,3920425.0
88,39,885.1,1010.34,2875496.5
89,39,314.9,162.68,2323721.5
95,39,369.9,74.14,288.0
96,39,274.2,58.4,287.0
99,39,283.7,27.76,2588084.0
100,39,834.4,154.64,257.0
102,39,648.0,57.6,3041012.0
103,39,158.3,55.22,2323639.5
107,39,600.8,161.8,1335067.5
114,39,1084.0,155.2,1.191872E7
116,39,2634.75,983.4375,1.0639488E7
117,39,208.0,91.8,79513.0
122,39,873.7,218.42,286.0
1,40,503.3,151.1,1344190.0
2,40,1380.9,199.54,2780134.5
130,40,777.2,192.56,7681607.0
3,40,875.1,157.14,284.0
4,40,4157.25,6235.875,1.0603877E7
133,40,124.0,58.0,911726.0
139,40,160.7,61.98,287.0
142,40,526.0,165.6,2780710.0
14,40,1816.5,254.5,1344190.0
145,40,7936.5713,3401.3877,3380209.0
148,40,375.7,177.9,320.5
21,40,12282.857,5264.0815,2300615.5
153,40,216.9,39.54,1.0522332E7
28,40,13900.0,9266.667,2780134.5
31,40,1447.1,150.84,293.0
159,40,968.4,134.76,4182565.5
160,40,330.3,77.78,360.0
32,40,493.3,163.24,329.5
33,40,1228.4,134.56,292.0
35,40,712.0,200.6,293.0
36,40,398.0,283.0,4717193.5
38,40,6605.2,515.48,2780710.0
42,40,580.1,464.12,284.0
44,40,1842.5,315.8,293.0
174,40,951.0,221.6,324.0
46,40,1690.0,217.4,7029855.0
181,40,2747.0,1177.2858,9792389.0
56,40,235.0,39.4,1.0603877E7
58,40,704.0,137.4,329.5
59,40,100000.0,10000.0,7029855.0
61,40,723.1,179.1,3569788.5
62,40,3156.8,3156.8,3593189.0
191,40,139.8,38.32,287.0
63,40,259.0,36.6,3415897.5
192,40,2214.5,621.25,1.0522332E7
64,40,1039.2,156.8,1.326795E7
65,40,241.6,55.28,7681607.0
194,40,286.4,40.32,9792389.0
72,40,1010.0,170.2,292.0
74,40,1095.2,716.6,3569788.5
76,40,1273.0,206.0,2610630.5
77,40,110.0,11.2,2321204.0
78,40,428.4,125.2,89049.5
80,40,1615.2,85.96,3380209.0
81,40,1879.0,872.2,4182565.5
88,40,304.0,160.6,3593189.0
89,40,204.3,25.1,2610630.5
95,40,328.9,70.92,360.0
96,40,803.1,221.28,324.0
99,40,362.4,77.2,2300615.5
100,40,1519.7,180.82,293.0
102,40,2840.3333,1893.5555,3415897.5
103,40,898.9,168.32,2321204.0
107,40,374.2,151.04,911726.0
114,40,1193.5,1209.2,4717193.5
116,40,2901.2222,322.35803,1.326795E7
117,40,768.1,179.28,89049.5
122,40,261.5,91.9,320.5
1,41,607.5,583.2,284.0
2,41,1412.5,79.6,2781572.0
130,41,763.2,140.04,7380030.5
3,41,786.9,189.54,285.0
4,41,2741.0,691.0,8807898.0
133,41,226.2,149.68,1821252.5
139,41,300.8,136.16,323.0
142,41,357.3,84.38,3128193.5
14,41,304.4,82.68,284.0
145,41,6644.857,2847.796,3802838.0
148,41,558.7,209.7,329.5
21,41,100000.0,10000.0,2302859.5
153,41,428.2,121.16,1.3142306E7
28,41,7220.143,3398.5918,2781572.0
31,41,381.5,20.6,284.5
159,41,4936.143,2115.4897,3893706.5
160,41,515.9,236.32,296.0
32,41,646.2,199.76,298.0
33,41,690.2,145.64,284.5
35,41,2326.5,214.9,285.0
36,41,806.3,92.44,285.0
38,41,1459.1,283.08,3128193.5
42,41,1776.0,252.6,285.0
44,41,1809.6,138.84,284.5
174,41,298.7,51.76,288.0
46,41,1306.2,1318.04,6247696.5
181,41,335.4,43.2,8967764.0
56,41,815.5,255.4,8807898.0
58,41,803.8,128.24,298.0
59,41,11953.0,107577.0,6247696.5
61,41,405.3,68.04,2570422.5
62,41,18029.0,162261.0,2875141.0
191,41,589.5,139.2,323.0
63,41,1477.2,454.76,3041914.0
192,41,2950.375,737.59375,1.3142306E7
64,41,830.0,250.6,1.0631529E7
65,41,537.4,242.6,7380030.5
194,41,488.6,136.4,8967764.0
72,41,1405.6,310.52,284.5
74,41,2012.3,163.7,2570422.5
76,41,616.8,182.84,2327753.5
77,41,597.2,217.0,2327875.5
78,41,574.1,188.48,79219.0
80,41,993.7,115.28,3802838.0
81,41,477.3,149.82,3893706.5
88,41,200.5,73.9,2875141.0
89,41,339.8,148.56,2327753.5
95,41,356.7,103.16,296.0
96,41,840.8,344.04,288.0
99,41,246.0,30.8,2302859.5
100,41,1906.2,175.72,285.0
102,41,19731.0,177579.0,3041914.0
103,41,4092.3,525.98,2327875.5
107,41,477.6,191.8,1821252.5
114,41,3931.8,2239.68,285.0
116,41,2030.875,662.5,1.0631529E7
117,41,586.7,218.56,79219.0
122,41,918.7,158.44,329.5
1,42,537.0,148.8,229.0
2,42,1173.8,287.8,3128578.5
130,42,1114.4,278.2,7894610.0
3,42,1860.1,207.52,229.0
4,42,3299.4,3299.4,9602691.0
133,42,1657.9,147.48,4160377.0
139,42,434.5,149.9,259.5
142,42,1220.7,175.42,3128663.5
14,42,1012.2,226.52,229.0
145,42,10192.2,10192.2,3381009.5
148,42,3340.4,269.4,229.0
21,42,18205.5,12137.0,2301674.5
153,42,812.2,244.24,1.0511408E7
28,42,9693.5,6462.3335,3128578.5
31,42,6138.0,290.6,300.5
159,42,6787.0,1696.75,3984842.0
160,42,847.0,250.2,231.0
32,42,1024.7,135.04,258.0
33,42,4343.4,1710.6,320.5
35,42,344.6,115.04,258.0
36,42,2239.3,789.78,257.5
38,42,1597.7,203.02,3128663.5
42,42,293.3,98.9,229.0
44,42,1201.9,97.72,300.5
174,42,228.6,50.8,323.0
46,42,876.1,181.92,6223418.0
181,42,1804.7,230.44,323.5
56,42,479.6,58.0,9602691.0
58,42,1319.5,257.9,258.0
59,42,234.5,96.0,6223418.0
61,42,370.0,126.0,2047357.0
62,42,5081.25,7621.875,2874740.0
191,42,1406.8,334.64,259.5
63,42,437.6,117.84,3123809.0
192,42,1954.0,621.25,1.0511408E7
64,42,264.6,74.4,1.0301061E7
65,42,2729.4,435.52,7894610.0
194,42,1426.1,619.68,323.5
72,42,1771.0,166.8,320.5
74,42,688.1,190.5,2047357.0
76,42,462.0,130.6,2330150.0
77,42,1382.5,806.4,4190734.0
78,42,1265.3,623.58,79183.0
80,42,881.8,451.68,3381009.5
81,42,392.1,93.9,3984842.0
88,42,191.2,51.24,2874740.0
89,42,1217.8,246.24,2330150.0
95,42,422.8,115.56,231.0
96,42,7062.0,988.4,323.0
99,42,254.2,59.0,2301674.5
100,42,1173.4,341.76,258.0
102,42,19797.0,178173.0,3123809.0
103,42,171.0,81.6,4190734.0
107,42,788.5,306.5,4160377.0
114,42,743.4,702.72,257.5
116,42,2618.6667,290.96295,1.0301061E7
117,42,838.0,324.6,79183.0
122,42,1396.8,159.44,229.0
1,43,632.9,94.24,285.0
2,43,1996.4,160.36,2780943.0
130,43,1383.7,177.16,9855295.0
3,43,351.5,87.5,285.0
4,43,1184.8,217.32,9417600.0
133,43,429.0,215.6,5218545.5
139,43,743.3,354.16,340.0
142,43,3237.9,219.94,2781905.0
14,43,928.0,172.6,285.0
145,43,8168.3335,5445.5557,3379558.0
148,43,1449.1,186.7,284.0
21,43,15695.8,15695.8,2590480.5
153,43,236.7,60.1,1.0515028E7
28,43,9262.714,3969.7346,2780943.0
31,43,602.9,107.56,293.0
159,43,54164.0,487476.0,3986252.5
160,43,1426.7,653.42,287.0
32,43,2040.7,107.1,285.0
33,43,1482.8,182.04,291.5
35,43,491.8,110.84,329.5
36,43,403.5,377.4,285.0
38,43,973.3,247.38,2781905.0
42,43,253.9,65.28,285.0
44,43,374.3,64.02,293.0
174,43,2129.9,350.92,287.5
46,43,1307.8,403.4,6223418.0
181,43,1245.9,219.74,288.0
56,43,510.8,326.72,9417600.0
58,43,1933.7,201.9,285.0
59,43,4575.0,41175.0,6250629.0
61,43,1748.6,185.6,1002394.5
62,43,21333.0,191997.0,2875236.0
191,43,775.6,149.72,340.0
63,43,635.6,218.8,3515997.5
192,43,3685.0,3685.0,1.0515028E7
64,43,1617.5,294.1,285.0
65,43,455.1,293.16,9855295.0
194,43,1597.9,885.92,288.0
72,43,3858.3,170.64,291.5
74,43,454.6,155.32,1002394.5
76,43,1017.3,479.96,2323893.0
77,43,1951.0,512.5,4728218.0
78,43,649.5,211.1,79335.0
80,43,718.3,315.9,3379558.0
81,43,454.3,128.78,3986252.5
88,43,784.5,183.0,2875236.0
89,43,280.8,105.44,2323893.0
95,43,1021.9,248.14,287.0
96,43,742.2,173.32,287.5
99,43,1581.7,183.88,2590480.5
100,43,1476.4,208.24,329.5
102,43,100000.0,10000.0,3515997.5
103,43,1782.1,203.1,4728218.0
107,43,224.2,124.64,5218545.5
114,43,189.2,54.72,285.0
116,43,1708.2,215.6,285.0
117,43,260.8,88.72,79335.0
122,43,758.8,314.4,284.0
1,44,461.1,83.52,293.0
2,44,1253.3,1353.22,2781631.0
130,44,3166.4,207.96,1.1429944E7
3,44,10038.667,23423.555,1893045.0
4,44,1462.75,365.6875,1.1151832E7
133,44,2843.6,1073.84,4150892.5
139,44,255.3,114.62,294.5
142,44,3372.3,211.78,2781316.0
14,44,1149.1,141.68,293.0
145,44,6163.375,1540.8438,3382516.0
148,44,3609.0,685.8,308.0
21,44,8899.714,4010.2449,2303549.5
153,44,280.6,122.24,1.051622E7
28,44,8887.714,3809.0205,2781631.0
31,44,957.2,241.32,265.5
159,44,5307.375,1326.8438,3985297.0
160,44,1527.0,386.0,287.0
32,44,840.0,589.4,258.0
33,44,358.4,87.0,285.0
35,44,483.5,108.9,285.0
36,44,1257.8,392.6,320.5
38,44,424.6,124.48,2781316.0
42,44,1047.3,270.3,1893045.0
44,44,694.5,77.7,265.5
174,44,1166.6,213.08,287.0
46,44,1218.4,197.92,7018481.0
181,44,1387.4,1080.6,296.0
56,44,1790.4,193.36,1.1151832E7
58,44,1350.4,387.0,258.0
59,44,3232.5,12930.0,7018481.0
61,44,292.5,108.2,40387.5
62,44,100000.0,10000.0,3233934.5
191,44,644.6,229.68,294.5
63,44,877.4,308.48,3515299.0
192,44,2224.6667,305.03705,1.051622E7
64,44,609.6,159.32,356.0
65,44,807.3,213.5,1.1429944E7
194,44,515.3,142.56,296.0
72,44,3144.6,179.88,285.0
74,44,2268.5,1568.3,40387.5
76,44,1485.2,235.44,2330294.5
77,44,1019.8,410.64,4181976.5
78,44,579.5,218.0,89317.0
80,44,1144.9,283.52,3382516.0
81,44,2182.2,197.96,3985297.0
88,44,187.3,47.36,3233934.5
89,44,203.0,55.0,2330294.5
95,44,705.4,198.96,287.0
96,44,564.1,76.68,287.0
99,44,756.9,288.14,2303549.5
100,44,2257.7,125.32,285.0
102,44,19779.0,178011.0,3515299.0
103,44,288.7,171.66,4181976.5
107,44,558.2,242.24,4150892.5
114,44,3187.5,199.6,320.5
116,44,711.0,237.8,356.0
117,44,1306.5,224.8,89317.0
122,44,622.7,201.7,308.0
1,45,1847.1,1130.88,229.0
2,45,615.6,194.16,2782778.0
130,45,2417.3,785.72,1.0174728E7
3,45,10212.143,4376.633,2542030.0
4,45,1834.3334,203.81482,9920802.0
133,45,527.3,270.96,4680681.5
139,45,415.3,199.76,259.0
142,45,1105.6,181.96,2782589.5
14,45,607.4,297.56,229.0
145,45,7901.0,3446.7144,3379992.5
148,45,874.1,351.3,257.0
21,45,1276.8,420.88,698188.5
153,45,1601.9,343.08,2894004.0
28,45,8535.286,3657.9795,2782778.0
31,45,446.1,115.72,285.0
159,45,4212.875,1053.2188,3985334.0
160,45,661.1,90.44,240.0
32,45,893.8,495.64,293.0
33,45,1762.7,239.36,293.0
35,45,729.7,188.82,320.5
36,45,641.2,230.4,293.0
38,45,617.5,169.6,2782589.5
42,45,1274.5,303.9,2542030.0
44,45,2089.2,200.48,285.0
174,45,630.7,213.82,304.0
46,45,1374.4,365.96,6243631.5
181,45,1796.8,272.04,288.0
56,45,2094.4,104.48,9920802.0
58,45,1214.8,211.6,293.0
59,45,6599.0,59391.0,6243631.5
61,45,561.0,152.0,37437.5
62,45,100000.0,10000.0,2341236.5
191,45,583.3,271.04,259.0
63,45,669.4,289.92,3515116.5
192,45,821.4,289.4,2894004.0
64,45,760.2,259.36,284.0
65,45,985.2222,152.55556,1.0174728E7
194,45,436.6,116.72,288.0
72,45,731.4,108.56,293.0
74,45,1110.8,167.0,37437.5
76,45,533.6,190.52,699399.0
77,45,330.6,125.2,4691345.5
78,45,604.8,200.44,79164.0
80,45,666.6,213.84,3379992.5
81,45,381.7,42.76,3985334.0
88,45,675.3,325.1,2341236.5
89,45,517.4,194.6,699399.0
95,45,862.0,187.8,240.0
96,45,1493.5,1006.7,304.0
99,45,819.2,247.12,698188.5
100,45,604.9,184.28,320.5
102,45,19677.0,177093.0,3515116.5
103,45,336.5,123.5,4691345.5
107,45,301.6,120.2,4680681.5
114,45,1141.1,273.52,293.0
116,45,2203.9,268.28,284.0
117,45,695.6,210.28,79164.0
122,45,578.6,184.48,257.0
1,46,824.8,145.52,293.0
2,46,592.1,223.1,2781088.0
130,46,1695.2,250.36,1.1436979E7
3,46,9230.571,3955.9592,2540793.5
4,46,4951.0,4951.0,9915566.0
133,46,541.5,265.1,4677115.0
139,46,436.2,212.48,333.0
142,46,343.4,88.48,2781293.0
14,46,675.0,163.4,293.0
145,46,7582.857,3249.796,3381595.0
148,46,2366.5,467.7,293.0
21,46,2499.4,312.84,293.0
153,46,469.7,205.78,296.0
28,46,8348.714,3578.0205,2781088.0
31,46,660.6,217.56,293.0
159,46,3867.125,966.78125,3987036.5
160,46,350.4,96.48,288.0
32,46,701.5,215.5,293.0
33,46,1209.7,337.5,293.0
35,46,376.8,85.8,293.0
36,46,263.2,73.0,299.0
38,46,787.7,120.7,2781293.0
42,46,358.3,44.64,2540793.5
44,46,4791.2,119.04,293.0
174,46,1293.4,721.32,893.0
46,46,1836.2,244.56,6248750.5
181,46,556.0,194.4,287.0
56,46,898.7,44.1,9915566.0
58,46,875.0,325.2,293.0
59,46,2796.0,6524.0,6248750.5
61,46,798.4,261.68,38062.0
62,46,1004.9,70.28,899.0
191,46,910.8,513.76,333.0
63,46,395.5,54.6,3125055.0
192,46,701.3,180.24,296.0
64,46,762.2,254.4,285.0
65,46,3736.2,3736.2,1.1436979E7
194,46,1705.6,308.56,287.0
72,46,3985.0,200.8,293.0
74,46,1892.2,1020.12,38062.0
76,46,773.6,335.48,288.0
77,46,672.7,325.04,4153231.0
78,46,1075.8,426.6,79211.0
80,46,472.6,142.76,3381595.0
81,46,490.9,104.24,3987036.5
88,46,1934.7,290.04,899.0
89,46,1103.8,398.64,288.0
95,46,978.2,314.24,288.0
96,46,328.1,65.5,893.0
99,46,593.8,131.92,293.0
100,46,1355.3,285.9,293.0
102,46,19952.0,179568.0,3125055.0
103,46,794.5,123.3,4153231.0
107,46,591.4,684.04,4677115.0
114,46,321.1,151.32,299.0
116,46,1643.6,180.32,285.0
117,46,1555.4,321.36,79211.0
122,46,738.6,227.92,293.0
1,47,1513.2,234.08,229.0
2,47,527.9,190.68,2782606.0
130,47,1688.5,329.6,9800316.0
3,47,5313.125,1361.7188,2540028.0
4,47,1365.0,813.2,9559082.0
133,47,183.9,53.66,4149432.5
139,47,980.0,417.0,259.0
142,47,2274.0,303.8,2782348.0
14,47,652.4,295.08,229.0
145,47,9294.375,2476.1562,3380005.5
148,47,1993.2,400.2,267.5
21,47,5100.6,279.84,257.0
153,47,760.4,222.4,231.0
28,47,7879.7144,3492.8164,2782606.0
31,47,1022.0,416.8,229.0
159,47,7626.143,3268.347,3985528.0
160,47,996.2,233.72,232.0
32,47,353.9,126.28,229.0
33,47,1248.8,369.0,256.5
35,47,1159.7,425.82,229.0
36,47,815.7,215.84,267.5
38,47,3172.9,285.34,2782348.0
42,47,2791.9,781.26,2540028.0
44,47,1195.9,246.96,229.0
174,47,1389.1,533.72,276.0
46,47,257.8,59.24,6237077.0
181,47,4552.4,2386.0,260.0
56,47,432.8,112.16,9559082.0
58,47,274.1,122.3,229.0
59,47,2879.3333,6718.4443,6237077.0
61,47,1559.6,157.8,36664.5
62,47,1671.3,239.3,307.0
191,47,2899.3,278.76,259.0
63,47,2916.3,633.44,3123393.5
192,47,2874.9,632.9,231.0
64,47,1373.1,297.7,273.5
65,47,3220.0,357.77777,9800316.0
194,47,2273.2,664.96,260.0
72,47,3086.4,262.24,256.5
74,47,2104.8,189.4,36664.5
76,47,1564.9,396.88,232.0
77,47,770.1,627.94,4153835.0
78,47,583.1,228.5,89094.0
80,47,1863.9,642.5,3380005.5
81,47,672.9,121.16,3985528.0
88,47,1470.3,325.98,307.0
89,47,2071.9,197.28,232.0
95,47,1099.1,358.1,232.0
96,47,1736.5,344.0,276.0
99,47,1043.8,275.28,257.0
100,47,1508.8,286.04,229.0
102,47,100000.0,10000.0,3123393.5
103,47,908.2,213.84,4153835.0
107,47,1824.4,918.72,4149432.5
114,47,993.0,252.4,267.5
116,47,1472.3,298.1,273.5
117,47,1580.8,214.8,89094.0
122,47,1631.7,319.7,267.5
1,48,844.8,224.32,329.0
2,48,627.0,140.0,2780508.0
130,48,1854.3,107.64,1.0160037E7
3,48,9515.571,4078.102,2538412.0
4,48,2220.9,38.5,9919880.0
133,48,2067.2,335.6,4671052.0
139,48,778.7,310.04,332.0
142,48,2585.9,431.08,2781057.0
14,48,2835.7,205.48,329.0
145,48,11895.571,5098.102,3381199.0
148,48,510.6,277.08,343.0
21,48,1012.0,367.2,379.5
153,48,597.4,207.2,343.0
28,48,6933.875,1875.875,2780508.0
31,48,831.5,169.8,329.0
159,48,100000.0,10000.0,3983343.5
160,48,628.7,261.36,332.0
32,48,324.1,148.52,329.0
33,48,654.6,221.48,329.0
35,48,907.7,264.36,379.5
36,48,681.1,186.94,329.0
38,48,744.0,280.6,2781057.0
42,48,864.8,337.0,2538412.0
44,48,2361.3,284.18,329.0
174,48,771.2,336.24,342.0
46,48,2046.9,234.14,6243627.0
181,48,894.2,392.12,309.0
56,48,837.6,725.16,9919880.0
58,48,1376.5,309.6,329.0
59,48,8693.0,78237.0,6243627.0
61,48,3026.5,344.0,35655.0
62,48,507.3,152.24,334.5
191,48,1009.3,370.04,332.0
63,48,1493.4,273.8,3515380.0
192,48,1375.3,425.44,343.0
64,48,926.5,418.9,337.0
65,48,1150.1,386.48,1.0160037E7
194,48,2483.2,426.92,309.0
72,48,2439.2,1418.2,329.0
74,48,2451.4,258.0,35655.0
76,48,984.8,328.44,331.0
77,48,1853.7,359.7,4668421.5
78,48,636.4,229.32,79379.0
80,48,1264.2,277.68,3381199.0
81,48,514.2,173.4,3983343.5
88,48,1539.4,388.52,334.5
89,48,1236.4,492.44,331.0
95,48,483.7,188.7,332.0
96,48,3456.0,260.0,342.0
99,48,827.1,136.44,379.5
100,48,1237.1,295.46,379.5
102,48,19908.0,179172.0,3515380.0
103,48,6966.7,227.1,4668421.5
107,48,285.5,127.7,4671052.0
114,48,2002.4,271.8,329.0
116,48,931.9,247.1,337.0
117,48,638.5,269.0,79379.0
122,48,805.6,228.56,343.0
1,49,932.1,351.66,293.0
2,49,1679.0,366.8,2779568.0
130,49,898.8,347.64,1.0153681E7
3,49,8478.0,3633.4285,2856162.0
4,49,1666.4,195.68,9912984.0
133,49,189.0,86.4,4678871.0
139,49,1325.7,390.76,291.5
142,49,643.3,204.78,2779417.0
14,49,2860.3,504.12,293.0
145,49,1446.5,1053.9,2554973.5
148,49,1497.2,1179.44,292.5
21,49,625.1,166.74,326.0
153,49,1799.7,500.76,304.0
28,49,6479.25,1625.75,2779568.0
31,49,876.2,223.08,339.5
159,49,100000.0,10000.0,4483290.0
160,49,1157.8,454.2,310.0
32,49,1413.3,217.58,293.0
33,49,3398.8,322.0,329.5
35,49,581.9,215.12,329.5
36,49,1479.3,313.02,293.0
38,49,542.9,153.1,2779417.0
42,49,819.0,475.6,2856162.0
44,49,2043.7,194.68,339.5
174,49,448.2,112.36,296.0
46,49,1809.8,281.28,7015959.0
181,49,1070.3,307.12,326.0
56,49,632.1,213.12,9912984.0
58,49,722.0,478.6,293.0
59,49,2312.5,3468.75,7015959.0
61,49,545.0,268.6,40756.0
62,49,983.9,352.86,296.0
191,49,2088.9,474.1,291.5
63,49,959.8,502.8,3514931.5
192,49,1218.1,241.7,304.0
64,49,969.1,506.56,302.0
65,49,3615.8,662.56,1.0153681E7
194,49,505.7,187.96,326.0
72,49,1108.8,278.92,329.5
74,49,736.2,242.6,40756.0
76,49,475.5,156.4,329.5
77,49,1884.0,320.8,5199163.0
78,49,633.0,196.8,89272.5
80,49,457.6,146.72,2554973.5
81,49,833.0,257.2,4483290.0
88,49,716.2,346.24,296.0
89,49,393.7,147.9,329.5
95,49,706.6,374.4,310.0
96,49,504.3,284.88,296.0
99,49,669.7,243.9,326.0
100,49,2333.0,234.2,329.5
102,49,100000.0,10000.0,3514931.5
103,49,1765.3,710.84,5199163.0
107,49,1094.0,431.6,4678871.0
114,49,3056.2,390.28,293.0
116,49,890.6,213.72,302.0
117,49,1748.3,1022.84,89272.5
122,49,861.9,311.92,292.5
1,50,1189.5,295.0,229.0
2,50,873.2,234.8,2779696.0
130,50,2622.9,497.14,1.142455E7
3,50,3936.5557,565.5679,2540931.5
4,50,2158.0,239.77777,9913336.0
133,50,340.4,125.96,4682291.0
139,50,241.3,52.76,289.0
142,50,662.0,339.8,2779494.5
14,50,2226.2,1044.16,229.0
145,50,1546.5,323.5,229.0
148,50,2653.0,273.8,257.0
21,50,636.3,304.96,257.0
153,50,477.5,211.3,231.0
28,50,8607.2,8607.2,2779696.0
31,50,983.2,383.36,257.0
159,50,2826.5557,314.06174,3984549.0
160,50,1418.5,340.5,248.0
32,50,430.8,230.16,229.0
33,50,1339.6,931.4,256.5
35,50,1775.0,1150.0,270.5
36,50,969.8,232.64,229.0
38,50,785.6,157.88,2779494.5
42,50,993.4,347.88,2540931.5
44,50,1368.9,480.74,257.0
174,50,1914.3,604.58,268.0
46,50,2387.4,670.52,6246694.0
181,50,726.1,242.86,259.5
56,50,737.4,129.52,9913336.0
58,50,1334.2,582.52,229.0
59,50,10110.0,90990.0,6246694.0
61,50,1222.1,1147.34,36079.5
62,50,1212.2,362.2,258.0
191,50,1212.3,388.56,289.0
63,50,847.4,32.4,3125043.0
192,50,2177.6,301.2,231.0
64,50,785.3,296.48,229.0
65,50,5388.0,5388.0,1.142455E7
194,50,1116.9,331.94,259.5
72,50,1470.3,237.24,256.5
74,50,859.3,322.5,36079.5
76,50,1144.9,345.52,239.0
77,50,2224.7,302.84,4160622.0
78,50,667.9,327.48,79164.0
80,50,2257.7,287.02,229.0
81,50,556.5,173.7,3984549.0
88,50,1241.0,343.6,258.0
89,50,3845.0,805.4,239.0
95,50,517.5,144.9,248.0
96,50,846.6,446.6,268.0
99,50,677.2,146.16,257.0
100,50,1705.6,1050.12,270.5
102,50,100000.0,10000.0,3125043.0
103,50,1243.7,408.76,4160622.0
107,50,245.0,105.2,4682291.0
114,50,1529.2,725.72,229.0
116,50,2517.0,233.6,229.0
117,50,2293.6,1438.0,79164.0
122,50,974.6,279.2,257.0
1,51,1681.3,707.18,285.0
2,51,4612.5,1922.5,3125464.0
130,51,762.6,522.64,9757483.0
3,51,7217.875,1804.4688,2539865.0
4,51,2469.6,1298.76,9648136.0
133,51,3758.1,752.46,4160048.5
139,51,686.9,313.08,296.0
142,51,971.3,312.64,3126332.0
14,51,509.2,154.64,285.0
145,51,485.9,135.9,293.0
148,51,1364.2,376.44,330.0
21,51,828.1,259.06,291.0
153,51,340.9,185.64,288.0
28,51,9089.833,6059.8887,3125464.0
31,51,1157.6,551.48,320.5
159,51,6546.875,1636.7188,3984495.0
160,51,587.2,163.36,287.0
32,51,1593.2,514.96,320.5
33,51,1079.6,1042.36,320.5
35,51,1156.4,111.72,335.5
36,51,323.4,104.0,383.0
38,51,991.6,288.56,3126332.0
42,51,862.5,527.2,2539865.0
44,51,1317.5,843.4,320.5
174,51,1269.4,317.92,287.0
46,51,1403.1,657.1,6237142.0
181,51,1377.0,335.2,295.0
56,51,1178.8,929.04,9648136.0
58,51,1017.2,344.08,320.5
59,51,3284.0,7662.6665,6237142.0
61,51,1849.7,1030.16,35431.5
62,51,742.4,403.52,304.0
191,51,689.5,240.8,296.0
63,51,1055.1,384.12,3125010.0
192,51,1061.3,439.36,288.0
64,51,413.7,57.28,335.5
65,51,981.7,142.04,9757483.0
194,51,4127.7,367.42,295.0
72,51,1881.7,1493.7,320.5
74,51,4909.9,938.18,35431.5
76,51,978.9,366.86,287.0
77,51,610.7,449.32,4161407.5
78,51,338.9,82.88,89112.5
80,51,1544.3,511.7,293.0
81,51,740.9,376.08,3984495.0
88,51,3664.7,1922.22,304.0
89,51,860.9,316.52,287.0
95,51,1523.1,525.86,287.0
96,51,446.8,174.96,287.0
99,51,1449.9,54.1,291.0
100,51,1259.4,783.8,335.5
102,51,100000.0,10000.0,3125010.0
103,51,827.4,330.32,4161407.5
107,51,421.9,212.92,4160048.5
114,51,978.9,277.72,383.0
116,51,335.0,135.2,335.5
117,51,2264.8,439.76,89112.5
122,51,880.8,284.6,330.0
1,52,1054.4,610.0,301.0
2,52,2493.0,1773.8,2779623.0
130,52,2186.7,633.5,9015936.0
3,52,9543.75,2385.9375,2539239.0
4,52,1442.1,641.26,8693195.0
133,52,1392.7,696.56,1637841.0
139,52,880.7,367.04,287.0
142,52,1001.6,204.96,2779910.0
14,52,1250.3,389.78,301.0
145,52,10528.2,300.16,284.0
148,52,640.5,164.0,257.0
21,52,1299.4,198.04,272.0
153,52,1299.1,323.5,301.0
28,52,4066.0,2063.25,2779623.0
31,52,3891.6,442.48,265.5
159,52,1259.3,114.42,1805374.5
160,52,957.8,186.32,288.0
32,52,2347.2,338.8,246.0
33,52,2021.5,349.3,293.0
35,52,1263.8,686.24,265.5
36,52,1927.6,1932.24,229.0
38,52,2279.1,491.86,2779910.0
42,52,1804.3,723.98,2539239.0
44,52,5225.5,272.6,265.5
174,52,2069.1,387.68,287.0
46,52,958.4,366.76,6222522.0
181,52,1072.3,424.04,294.0
56,52,3314.0,483.0,8693195.0
58,52,2043.4,422.12,246.0
59,52,802.5,384.3,6222522.0
61,52,1302.9,344.9,14904.0
62,52,957.6,359.2,287.0
191,52,919.9,307.12,287.0
63,52,498.4,169.24,3122930.0
192,52,432.7,131.32,301.0
64,52,567.5,236.5,229.0
65,52,983.5,122.6,9015936.0
194,52,1549.2,582.76,294.0
72,52,1264.8,1092.88,293.0
74,52,897.6,357.36,14904.0
76,52,2636.4,366.48,301.0
77,52,809.7,729.98,1807646.0
78,52,513.0,80.4,79362.5
80,52,1753.6,1347.2,284.0
81,52,463.2,163.4,1805374.5
88,52,1009.0,484.6,287.0
89,52,2192.5,1404.8,301.0
95,52,529.7,216.7,288.0
96,52,1151.8,795.04,287.0
99,52,955.4,487.8,272.0
100,52,2817.1,2033.9,265.5
102,52,20856.0,187704.0,3122930.0
103,52,3923.2,1463.08,1807646.0
107,52,2653.2,399.2,1637841.0
114,52,4755.0,946.2,229.0
116,52,5043.9,450.08,229.0
117,52,3701.8,3051.0,79362.5
122,52,1114.0,743.8,257.0
1,53,1318.5,739.9,285.0
2,53,3659.9,377.92,2779147.5
130,53,975.1,161.3,1.1385736E7
3,53,4365.5,1091.375,2539725.5
4,53,1950.1111,219.76543,1.1124361E7
133,53,1362.0,910.2,105674.0
139,53,516.4,154.12,287.0
142,53,1289.1,543.58,2779663.0
14,53,2762.0,365.2,285.0
145,53,2096.4,1170.2,285.0
148,53,2062.4,445.48,320.5
21,53,2362.8,699.88,285.0
153,53,258.7,91.44,285.0
28,53,7416.2856,3178.4082,2779147.5
31,53,563.7,171.84,285.0
159,53,1374.0,349.2,79222.0
160,53,2375.2,158.72,287.0
32,53,1084.2,298.44,320.5
33,53,1347.5,548.6,285.0
35,53,2017.9,984.94,285.0
36,53,1116.5,365.2,320.5
38,53,550.3,162.7,2779663.0
42,53,2167.8,1481.2,2539725.5
44,53,1949.9,241.98,285.0
174,53,2069.0,547.4,287.0
46,53,787.8,738.24,7028189.0
181,53,1576.8,483.24,296.0
56,53,2412.9,113.84,1.1124361E7
58,53,7438.8,435.2,320.5
59,53,5907.0,23628.0,7028189.0
61,53,679.3,205.9,320.5
62,53,1161.7,642.98,320.5
191,53,1901.6,724.8,287.0
63,53,1432.3,406.84,3515069.0
192,53,3012.1,479.08,285.0
64,53,1346.0,559.6,356.0
65,53,2218.4,1841.84,1.1385736E7
194,53,1151.6,510.04,296.0
72,53,2401.4,801.52,285.0
74,53,1970.3,409.5,320.5
76,53,2524.3,1513.5,239.0
77,53,3311.1,501.1,105520.0
78,53,901.5,202.7,89238.5
80,53,1174.4,209.28,285.0
81,53,938.2,316.6,79222.0
88,53,1114.6,560.04,320.5
89,53,1180.9,933.1,239.0
95,53,649.3,183.98,287.0
96,53,1003.5,380.7,287.0
99,53,788.1,270.68,285.0
100,53,3371.0,2348.6,285.0
102,53,100000.0,10000.0,3515069.0
103,53,1963.4,388.6,105520.0
107,53,1222.8,924.8,105674.0
114,53,1833.5,1775.9,320.5
116,53,635.5,172.7,356.0
117,53,1372.9,542.88,89238.5
122,53,1385.4,418.48,320.5
1,54,4286.4,426.96,285.0
2,54,2045.5,755.9,682794.0
130,54,1358.1,566.12,1.1378973E7
3,54,8230.0,3527.1428,2538189.0
4,54,4280.6,485.4,1.1123908E7
133,54,701.8,493.16,105674.0
139,54,4023.0,529.2,296.0
142,54,1917.0,750.8,678212.5
14,54,1526.8,788.04,285.0
145,54,1918.7,523.7,320.5
148,54,5712.3,6468.22,285.0
21,54,1101.9,64.74,284.0
153,54,833.5,665.5,304.0
28,54,589.2,149.4,682794.0
31,54,2807.1,909.44,329.5
159,54,590.3,217.82,99017.0
160,54,1036.4,273.64,360.0
32,54,897.6,393.92,355.0
33,54,902.0,485.2,366.0
35,54,531.5,119.2,320.5
36,54,1283.9,816.64,320.5
38,54,1481.0,359.8,678212.5
42,54,725.0,460.6,2538189.0
44,54,3452.5,296.2,329.5
174,54,3027.9,350.12,370.0
46,54,1811.5,751.3,7028772.0
181,54,2993.6,385.44,323.0
56,54,3193.6,451.56,1.1123908E7
58,54,1742.9,377.12,355.0
59,54,6197.0,24788.0,7028772.0
61,54,867.7,761.32,367.0
62,54,1460.9,487.28,359.0
191,54,2513.5,685.3,296.0
63,54,780.7,271.7,3515667.0
192,54,1450.1,806.92,304.0
64,54,5533.3,3633.64,320.5
65,54,2186.3,375.12,1.1378973E7
194,54,1938.9,843.3,323.0
72,54,704.5,349.8,366.0
74,54,812.6,371.32,367.0
76,54,1200.0,474.2,359.0
77,54,1438.5,936.8,119059.0
78,54,9931.4,1918.08,89121.5
80,54,1465.3,570.64,320.5
81,54,554.8,185.16,99017.0
88,54,937.0,440.0,359.0
89,54,2617.8,3412.64,359.0
95,54,2545.0,1522.6,360.0
96,54,1942.8,50.8,370.0
99,54,1081.0,650.6,284.0
100,54,860.2,208.72,320.5
102,54,100000.0,10000.0,3515667.0
103,54,1798.0,1140.8,119059.0
107,54,511.6,266.52,105674.0
114,54,2171.7,678.64,320.5
116,54,5611.7,423.24,320.5
117,54,1400.6,709.28,89121.5
122,54,786.8,156.0,285.0
1,55,1688.8,605.08,243.0
2,55,1073.1,236.86,291.0
130,55,2965.0,669.6,1.008829E7
3,55,12816.0,6836.2856,2541436.0
4,55,1846.9,103.88,9875366.0
133,55,942.6,521.6,102745.0
139,55,951.8,371.08,260.0
142,55,560.2,212.44,257.0
14,55,1128.7,160.02,243.0
145,55,2842.7,866.36,229.0
148,55,695.8,123.56,229.0
21,55,1151.4,257.56,243.0
153,55,1293.5,592.7,232.0
28,55,715.4,331.6,291.0
31,55,1596.8,255.76,257.0
159,55,1525.6,229.28,79309.0
160,55,1321.7,249.02,254.0
32,55,1168.1,342.72,242.0
33,55,3680.3,382.24,284.5
35,55,1738.9,649.7,229.0
36,55,1367.4,488.8,229.0
38,55,2518.8,355.52,257.0
42,55,926.4,267.72,2541436.0
44,55,6495.8,446.68,257.0
174,55,1145.7,375.22,296.0
46,55,1742.2,621.12,6244646.5
181,55,701.8,253.8,287.5
56,55,1613.2,273.32,9875366.0
58,55,2890.4,383.72,242.0
59,55,2587.0,2587.0,6244646.5
61,55,1399.6,419.92,302.0
62,55,1253.3,207.82,293.0
191,55,273.8,68.6,260.0
63,55,914.5,215.8,3125152.5
192,55,863.7,356.3,232.0
64,55,2745.4,503.68,229.0
65,55,790.9,448.46,1.008829E7
194,55,1369.1,199.02,287.5
72,55,607.8,260.56,284.5
74,55,2687.2,758.04,302.0
76,55,491.5,156.6,240.0
77,55,2975.2,785.2,104859.5
78,55,634.0,283.8,79183.0
80,55,2343.7,338.38,229.0
81,55,469.2,124.16,79309.0
88,55,820.4,329.12,293.0
89,55,821.8,379.8,240.0
95,55,820.1,228.26,254.0
96,55,876.0,255.2,296.0
99,55,954.7,206.24,243.0
100,55,5079.7,391.42,229.0
102,55,100000.0,10000.0,3125152.5
103,55,776.7,262.64,104859.5
107,55,558.1,372.72,102745.0
114,55,3133.9,424.72,229.0
116,55,1202.0,365.2,229.0
117,55,1002.1,319.68,79183.0
122,55,1641.7,202.7,229.0
1,56,929.1,368.3,285.0
2,56,4030.1,558.48,284.0
130,56,2762.1,514.48,9685661.0
3,56,6280.0,1570.0,2856574.5
4,56,2030.0,45.2,9514748.0
133,56,7041.7,2370.08,342.0
139,56,1102.0,426.4,287.0
142,56,2155.8,502.88,293.0
14,56,4174.3,516.36,285.0
145,56,2027.0,853.2,330.0
148,56,1280.4,452.6,302.0
21,56,742.8,298.96,320.5
153,56,782.9,416.9,287.0
28,56,5555.6,382.68,284.0
31,56,2091.6,466.36,320.5
159,56,4157.5,21.5,89116.0
160,56,1424.6,446.16,288.0
32,56,1395.3,303.3,285.0
33,56,2704.4,452.32,320.5
35,56,5962.3,558.9,320.5
36,56,1155.0,390.2,293.0
38,56,5177.8,633.24,293.0
42,56,2544.6,461.32,2856574.5
44,56,2322.6,484.16,320.5
174,56,1739.0,387.8,288.0
46,56,1343.1,291.14,7019295.5
181,56,1648.7,364.68,287.0
56,56,1014.6,318.76,9514748.0
58,56,3977.2,1407.92,285.0
59,56,100000.0,10000.0,7019295.5
61,56,2189.9,1243.7,341.5
62,56,1341.6,570.2,294.5
191,56,2534.4,803.52,287.0
63,56,713.6,215.48,3515248.5
192,56,3640.1,418.28,287.0
64,56,710.9,163.88,301.0
65,56,9525.7,458.44,9685661.0
194,56,838.4,219.4,287.0
72,56,1367.7,572.5,320.5
74,56,1669.9,734.74,341.5
76,56,1414.0,510.0,323.0
77,56,4932.3,567.5,3206.5
78,56,368.7,150.24,89094.0
80,56,1858.6,699.36,330.0
81,56,628.8,261.96,89116.0
88,56,2833.7,546.56,294.5
89,56,1084.0,360.4,323.0
95,56,646.9,242.08,288.0
96,56,1247.3,719.7,288.0
99,56,2083.4,1010.64,320.5
100,56,2727.6,407.76,320.5
102,56,100000.0,10000.0,3515248.5
103,56,470.1,147.14,3206.5
107,56,1996.0,532.8,342.0
114,56,857.7,321.36,293.0
116,56,594.3,50.7,301.0
117,56,1378.9,484.32,89094.0
122,56,936.3,296.16,302.0
1,57,1021.1,351.06,285.0
2,57,1054.6,222.4,285.0
130,57,1920.6,702.8,9829766.0
3,57,1481.8,585.56,315510.0
4,57,2396.8,682.24,9733578.0
133,57,836.3,346.1,259.0
139,57,821.0,237.0,288.0
142,57,671.9,228.7,256.5
14,57,1182.6,231.16,285.0
145,57,1842.5,487.1,284.0
148,57,1464.4,542.28,257.0
21,57,1301.5,40.1,285.0
153,57,358.9,78.3,288.0
28,57,4765.7,515.3,285.0
31,57,1931.8,611.8,257.0
159,57,1647.0,473.0,79337.0
160,57,860.2,710.56,287.0
32,57,1640.4,592.28,229.0
33,57,2699.9,526.68,285.0
35,57,1155.6,182.56,257.0
36,57,1209.4,490.72,265.5
38,57,1366.3,70.36,256.5
42,57,1222.0,932.0,315510.0
44,57,1559.0,443.4,257.0
174,57,1441.6,436.08,287.0
46,57,731.2,281.64,5000290.0
181,57,1030.1,175.16,288.0
56,57,2086.2,722.72,9733578.0
58,57,692.0,223.0,229.0
59,57,1414.7,380.24,5000290.0
61,57,1022.4,571.72,289.0
62,57,985.7,427.84,288.0
191,57,1200.9,1381.24,288.0
63,57,1026.0,83.8,2415621.5
192,57,948.8,211.04,288.0
64,57,1006.2,492.2,229.0
65,57,2850.9,614.52,9829766.0
194,57,972.5,318.6,288.0
72,57,540.9,209.28,285.0
74,57,1707.3,386.7,289.0
76,57,2113.2,552.76,287.0
77,57,609.7,343.78,285.0
78,57,1053.3,481.84,79513.0
80,57,1362.1,424.86,284.0
81,57,1014.6,424.0,79337.0
88,57,2268.1,439.72,288.0
89,57,2851.9,393.32,287.0
95,57,804.8,245.84,287.0
96,57,1160.7,350.56,287.0
99,57,989.6,249.16,285.0
100,57,1058.2,72.72,257.0
102,57,4186.2,615.24,2415621.5
103,57,759.8,340.36,285.0
107,57,1334.0,811.6,259.0
114,57,565.3,240.02,265.5
116,57,2222.6,426.12,229.0
117,57,1647.7,349.1,79513.0
122,57,1452.7,479.5,257.0
1,58,1425.3,396.98,251.0
2,58,3551.7,623.36,293.0
130,58,755.4,274.8,329.5
3,58,1676.8,821.36,284.0
4,58,1390.8,358.72,353427.5
133,58,5875.4,1289.04,288.0
139,58,1246.5,556.4,288.0
142,58,4478.1,805.08,293.0
14,58,2353.1,1023.06,251.0
145,58,2230.6,1085.12,293.0
148,58,1546.7,624.9,285.0
21,58,6306.5,538.9,301.0
153,58,461.5,125.2,285.0
28,58,1399.5,144.2,293.0
31,58,1496.9,115.32,293.0
159,58,1131.0,377.6,79194.0
160,58,1322.2,267.92,287.0
32,58,1318.5,538.4,293.0
33,58,4092.4,434.2,292.0
35,58,7968.0,4289.4,302.0
36,58,2755.8,434.2,284.0
38,58,3870.8,1384.64,293.0
42,58,1930.3,609.76,284.0
44,58,7073.0,771.2,293.0
174,58,1286.8,664.8,323.0
46,58,1353.1,454.66,302.0
181,58,1748.6,704.96,333.0
56,58,1931.2,735.72,353427.5
58,58,8225.2,1072.92,293.0
59,58,564.2,145.2,302.0
61,58,1295.2,444.24,302.0
62,58,454.8,97.12,293.0
191,58,2418.5,1799.6,288.0
63,58,7250.4,4733.48,293.0
192,58,2357.7,292.62,285.0
64,58,3878.8,461.8,285.0
65,58,7502.9,714.12,329.5
194,58,1203.6,192.04,333.0
72,58,3976.3,1016.64,292.0
74,58,2171.8,581.56,302.0
76,58,1861.4,730.68,231.0
77,58,3008.8,576.56,285.0
78,58,4863.4,3264.92,77965.5
80,58,5957.9,513.12,293.0
81,58,1012.4,458.4,79194.0
88,58,516.2,136.04,293.0
89,58,2648.3,384.64,231.0
95,58,660.2,226.4,287.0
96,58,1143.2,221.72,323.0
99,58,1792.6,640.56,301.0
100,58,2377.2,562.6,302.0
102,58,2018.8,635.4,293.0
103,58,926.3,317.56,285.0
107,58,2592.9,1790.68,288.0
114,58,2421.1,999.48,284.0
116,58,1568.4,1510.56,285.0
117,58,1172.8,535.72,77965.5
122,58,530.9,130.5,285.0
1,59,1770.3,966.44,285.0
2,59,1498.8,522.44,285.0
130,59,2692.8,1220.24,324.0
3,59,3938.9,557.88,285.0
4,59,3272.5,609.7,320.0
133,59,909.3,631.76,287.0
139,59,772.2,265.76,296.0
142,59,2066.6,824.36,285.0
14,59,1608.7,262.44,285.0
145,59,3164.9,2530.46,285.0
148,59,1963.7,1057.72,320.5
21,59,2158.9,543.34,285.0
153,59,1189.3,608.16,296.0
28,59,1612.3,308.1,285.0
31,59,4592.9,1599.76,284.0
159,59,3032.0,1610.2,5022.5
160,59,1187.0,350.4,296.0
32,59,2871.7,555.98,329.5
33,59,3995.5,502.3,285.0
35,59,1401.8,502.08,285.0
36,59,1411.9,830.88,320.5
38,59,798.3,204.3,285.0
42,59,612.8,173.36,285.0
44,59,3029.6,633.76,284.0
174,59,1546.4,722.4,288.0
46,59,960.5,425.0,330.0
181,59,1394.4,739.92,287.0
56,59,943.4,232.48,320.0
58,59,805.0,72.2,329.5
59,59,611.8,198.96,330.0
61,59,1527.4,1151.24,320.5
62,59,1858.4,665.92,323.0
191,59,262.9,110.88,296.0
63,59,3475.0,719.4,330.0
192,59,781.8,501.16,296.0
64,59,819.2,235.6,356.0
65,59,667.5,248.4,324.0
194,59,1035.5,373.5,287.0
72,59,672.4,251.8,285.0
74,59,1462.8,524.24,320.5
76,59,2950.7,587.96,288.0
77,59,983.7,517.5,285.0
78,59,1786.6,944.8,2471.5
80,59,2666.8,141.68,285.0
81,59,786.4,365.0,5022.5
88,59,1134.8,563.84,323.0
89,59,2670.1,2312.5,288.0
95,59,1080.3,321.58,296.0
96,59,4523.1,558.88,288.0
99,59,1079.1,467.72,285.0
100,59,1957.0,508.2,285.0
102,59,2599.2,1145.96,330.0
103,59,1634.1,490.28,285.0
107,59,447.8,251.76,287.0
114,59,2281.4,562.2,320.5
116,59,1697.0,515.2,356.0
117,59,6525.5,690.6,2471.5
122,59,2433.0,498.6,320.5
1,60,3146.9,1480.7,238.0
2,60,3633.5,506.3,293.0
130,60,2548.5,734.1,270.0
3,60,2931.0,723.4,246.0
4,60,1837.0,542.0,293.0
133,60,2011.1,738.1,270.0
139,60,802.2,323.08,324.0
142,60,1588.8,572.2,257.5
14,60,1951.4,554.84,238.0
145,60,2966.6,1320.76,257.5
148,60,1288.0,803.6,258.0
21,60,4555.2,946.96,229.0
153,60,1003.8,882.04,290.0
28,60,4635.8,2881.64,293.0
31,60,2029.0,657.2,238.0
159,60,6680.9,917.5,248.0
160,60,1158.2,287.72,240.0
32,60,1258.5,552.2,229.0
33,60,6650.9,1016.88,256.5
35,60,1178.7,515.04,229.0
36,60,1326.2,401.84,229.0
38,60,1168.8,232.08,257.5
42,60,714.4,266.96,246.0
44,60,3951.3,600.38,238.0
174,60,1086.6,365.28,296.0
46,60,718.9,121.12,238.0
181,60,1477.9,387.14,323.5
56,60,1191.1,526.72,293.0
58,60,2103.8,541.4,229.0
59,60,1194.6,545.88,238.0
61,60,1396.7,787.84,257.0
62,60,973.5,314.7,286.5
191,60,1814.3,775.76,324.0
63,60,3055.5,923.1,237.0
192,60,315.8,97.8,290.0
64,60,2077.5,689.7,229.0
65,60,1473.9,556.88,270.0
194,60,1216.3,233.18,323.5
72,60,1493.7,369.16,256.5
74,60,1363.1,615.52,257.0
76,60,1188.9,494.5,240.0
77,60,417.6,102.4,256.5
78,60,1701.8,514.64,261.0
80,60,1065.3,317.3,257.5
81,60,2026.3,477.38,248.0
88,60,2676.8,653.16,286.5
89,60,586.0,249.0,240.0
95,60,1564.2,503.36,240.0
96,60,1120.8,294.92,296.0
99,60,1953.8,864.2,229.0
100,60,3569.0,582.8,229.0
102,60,2487.8,612.96,237.0
103,60,3810.1,765.7,256.5
107,60,726.4,288.2,270.0
114,60,887.3,257.24,229.0
116,60,1285.2,675.64,229.0
117,60,1449.7,1768.32,261.0
122,60,712.8,278.56,258.0
1,61,1285.8,391.36,320.5
2,61,11985.5,5474.1,356.0
130,61,983.8,182.84,323.0
3,61,1053.6,382.28,320.5
4,61,1177.7,525.96,356.0
133,61,4101.5,1415.6,288.0
139,61,390.3,116.7,287.0
142,61,1952.9,856.14,330.0
14,61,1358.2,322.52,320.5
145,61,910.5,322.4,330.0
148,61,4341.9,2477.9,293.0
21,61,1466.1,418.08,285.0
153,61,366.5,131.5,288.0
28,61,3237.1,1178.86,356.0
31,61,2046.7,649.02,320.5
159,61,1291.0,313.0,324.0
160,61,930.4,383.8,323.0
32,61,3066.7,666.76,356.0
33,61,2818.3,614.5,356.0
35,61,4459.7,2274.22,320.5
36,61,5394.2,845.76,320.0
38,61,4251.3,793.98,330.0
42,61,2104.7,582.64,320.5
44,61,8468.6,6648.8,320.5
174,61,2092.7,488.18,359.0
46,61,1384.1,439.28,320.5
181,61,1920.8,666.28,323.5
56,61,5096.4,1828.36,356.0
58,61,640.2,131.8,356.0
59,61,1895.1,617.92,320.5
61,61,2397.0,482.4,355.0
62,61,5763.4,2140.56,368.5
191,61,2408.9,1086.92,287.0
63,61,859.8,142.32,320.5
192,61,1601.5,572.4,288.0
64,61,1759.3,229.62,320.5
65,61,1066.0,43.8,323.0
194,61,1132.7,356.24,323.5
72,61,807.1,95.44,356.0
74,61,3895.3,747.04,355.0
76,61,4559.4,861.4,360.0
77,61,3318.7,635.44,320.5
78,61,1303.3,556.76,320.5
80,61,2224.8,664.08,330.0
81,61,1294.5,455.7,324.0
88,61,614.9,61.34,368.5
89,61,1042.0,401.4,360.0
95,61,1410.2,345.68,323.0
96,61,1069.5,460.2,359.0
99,61,1062.6,240.88,285.0
100,61,5304.8,3921.96,320.5
102,61,2402.9,879.1,320.5
103,61,942.0,293.2,320.5
107,61,9158.8,5088.88,288.0
114,61,1630.2,670.24,320.0
116,61,795.3,268.56,320.5
117,61,1206.0,860.2,320.5
122,61,874.9,111.92,293.0
