v1,v2,v3,v4,v5,v6,v7,v8,v9,v10,v11,v12,v13,v14,v15,v16,v17,v18,v19,v20,v21,v22,v23,v24,v25,v26,v27,v28,v29,v30,v31,v32,v33,v34,v35,v36,v37,v38,v39,v40,v41,v42,v43,v44,v45,v46,v47,v48,v49,v50,v51,v52,v53,v54,v55,v56,v57,v58,v59,v60,v61,v62,v63,v64,v65,v66,v67,v68,v69,v70,v71,v72,v73,v74,v75,v76,v77,v78,v79,v80,v81,v82,v83,v84,v85,v86,rw
25.0,25.0,8.0,8.0,20.0,20.0,22.0,22.0,25.0,25.0,7.0,7.0,13.0,13.0,21.0,21.0,22.0,22.0,15.0,15.0,27.0,27.0,12.0,12.0,8.0,8.0,23.0,23.0,22.0,22.0,17.0,17.0,9.0,9.0,14.0,14.0,30.0,30.0,18.0,18.0,8.0,8.0,20.0,20.0,11.0,11.0,26.0,26.0,18.0,18.0,19.0,19.0,20.0,20.0,16.0,16.0,28.0,28.0,0.0,0.0,0.0,0.0,0.0,0.0,0.0,0.0,0.0,0.0,0.0,0.0,0.0,0.0,0.0,0.0,0.0,0.0,0.0,0.0,0.0,0.0,0.0,0.0,0.0,0.0,0.0,0.0,6.0
25.0,25.0,8.0,8.0,20.0,20.0,22.0,22.0,25.0,25.0,7.0,7.0,13.0,13.0,21.0,21.0,22.0,22.0,15.0,15.0,27.0,27.0,12.0,12.0,8.0,8.0,23.0,23.0,22.0,22.0,17.0,17.0,9.0,9.0,14.0,14.0,30.0,30.0,18.0,18.0,8.0,8.0,20.0,20.0,11.0,11.0,26.0,26.0,18.0,18.0,19.0,19.0,20.0,20.0,16.0,16.0,28.0,28.0,0.0,0.0,0.0,0.0,0.0,0.0,0.0,0.0,0.0,0.0,0.0,0.0,0.0,0.0,0.0,0.0,0.0,0.0,0.0,0.0,0.0,0.0,0.0,0.0,0.0,0.0,0.0,0.0,10.8
25.0,25.0,8.0,8.0,20.0,20.0,22.0,22.0,25.0,25.0,7.0,7.0,13.0,13.0,21.0,21.0,22.0,22.0,15.0,15.0,27.0,27.0,12.0,12.0,8.0,8.0,23.0,23.0,22.0,22.0,17.0,17.0,9.0,9.0,14.0,14.0,30.0,30.0,18.0,18.0,8.0,8.0,20.0,20.0,11.0,11.0,26.0,26.0,18.0,18.0,19.0,19.0,20.0,20.0,16.0,16.0,28.0,28.0,0.0,0.0,0.0,0.0,0.0,0.0,0.0,0.0,0.0,0.0,0.0,0.0,0.0,0.0,0.0,0.0,0.0,0.0,0.0,0.0,0.0,0.0,0.0,0.0,0.0,0.0,0.0,0.0,13.64
25.0,25.0,8.0,8.0,20.0,20.0,22.0,22.0,25.0,25.0,7.0,7.0,13.0,13.0,21.0,21.0,22.0,22.0,15.0,15.0,27.0,27.0,12.0,12.0,8.0,8.0,23.0,23.0,22.0,22.0,17.0,17.0,9.0,9.0,14.0,14.0,30.0,30.0,18.0,18.0,8.0,8.0,20.0,20.0,11.0,11.0,26.0,26.0,18.0,18.0,19.0,19.0,20.0,20.0,16.0,16.0,28.0,28.0,0.0,0.0,0.0,0.0,0.0,0.0,0.0,0.0,0.0,0.0,0.0,0.0,0.0,0.0,0.0,0.0,0.0,0.0,0.0,0.0,0.0,0.0,0.0,0.0,0.0,0.0,0.0,0.0,14.912001
25.0,25.0,8.0,8.0,20.0,20.0,22.0,22.0,25.0,25.0,7.0,7.0,13.0,13.0,21.0,21.0,22.0,22.0,15.0,15.0,27.0,27.0,12.0,12.0,8.0,8.0,23.0,23.0,22.0,22.0,17.0,17.0,9.0,9.0,14.0,14.0,30.0,30.0,18.0,18.0,8.0,8.0,20.0,20.0,11.0,11.0,26.0,26.0,18.0,18.0,19.0,19.0,20.0,20.0,16.0,16.0,28.0,28.0,0.0,0.0,0.0,0.0,0.0,0.0,0.0,0.0,0.0,0.0,0.0,0.0,0.0,0.0,0.0,0.0,0.0,0.0,0.0,0.0,0.0,0.0,0.0,0.0,0.0,0.0,0.0,0.0,14.929601
25.0,25.0,8.0,8.0,20.0,20.0,22.0,22.0,25.0,25.0,7.0,7.0,13.0,13.0,21.0,21.0,22.0,22.0,15.0,15.0,27.0,27.0,12.0,12.0,8.0,8.0,23.0,23.0,22.0,22.0,17.0,17.0,9.0,9.0,14.0,14.0,30.0,30.0,18.0,18.0,8.0,8.0,20.0,20.0,11.0,11.0,26.0,26.0,18.0,18.0,19.0,19.0,20.0,20.0,16.0,16.0,28.0,28.0,0.0,0.0,0.0,0.0,0.0,0.0,0.0,0.0,0.0,0.0,0.0,0.0,0.0,0.0,0.0,0.0,0.0,0.0,0.0,0.0,0.0,0.0,0.0,0.0,0.0,0.0,0.0,0.0,13.943681
25.0,25.0,8.0,8.0,20.0,20.0,22.0,22.0,25.0,25.0,7.0,7.0,13.0,13.0,21.0,21.0,22.0,22.0,15.0,15.0,27.0,27.0,12.0,12.0,8.0,8.0,23.0,23.0,22.0,22.0,17.0,17.0,9.0,9.0,14.0,14.0,30.0,30.0,18.0,18.0,8.0,8.0,20.0,20.0,11.0,11.0,26.0,26.0,18.0,18.0,19.0,19.0,20.0,20.0,16.0,16.0,28.0,28.0,0.0,0.0,0.0,0.0,0.0,0.0,0.0,0.0,0.0,0.0,0.0,0.0,0.0,0.0,0.0,0.0,0.0,0.0,0.0,0.0,0.0,0.0,0.0,0.0,0.0,0.0,0.0,0.0,12.154944
25.0,25.0,8.0,8.0,20.0,20.0,22.0,22.0,25.0,25.0,7.0,7.0,13.0,13.0,21.0,21.0,22.0,22.0,15.0,15.0,27.0,27.0,12.0,12.0,8.0,8.0,23.0,23.0,22.0,22.0,17.0,17.0,9.0,9.0,14.0,14.0,30.0,30.0,18.0,18.0,8.0,8.0,20.0,20.0,11.0,11.0,26.0,26.0,18.0,18.0,19.0,19.0,20.0,20.0,16.0,16.0,28.0,28.0,0.0,0.0,0.0,0.0,0.0,0.0,0.0,0.0,0.0,0.0,0.0,0.0,0.0,0.0,0.0,0.0,0.0,0.0,0.0,0.0,0.0,0.0,0.0,0.0,0.0,0.0,0.0,0.0,6.0
25.0,25.0,8.0,8.0,20.0,20.0,22.0,22.0,25.0,25.0,7.0,7.0,13.0,13.0,21.0,21.0,22.0,22.0,15.0,15.0,27.0,27.0,12.0,12.0,8.0,8.0,23.0,23.0,22.0,22.0,17.0,17.0,9.0,9.0,14.0,14.0,30.0,30.0,18.0,18.0,8.0,8.0,20.0,20.0,11.0,11.0,26.0,26.0,18.0,18.0,19.0,19.0,20.0,20.0,16.0,16.0,28.0,28.0,0.0,0.0,0.0,0.0,0.0,0.0,0.0,0.0,0.0,0.0,0.0,0.0,0.0,0.0,0.0,0.0,0.0,0.0,0.0,0.0,0.0,0.0,0.0,0.0,0.0,0.0,0.0,0.0,10.8
25.0,25.0,8.0,8.0,20.0,20.0,22.0,22.0,25.0,25.0,7.0,7.0,13.0,13.0,21.0,21.0,22.0,22.0,15.0,15.0,27.0,27.0,12.0,12.0,8.0,8.0,23.0,23.0,22.0,22.0,17.0,17.0,9.0,9.0,14.0,14.0,30.0,30.0,18.0,18.0,8.0,8.0,20.0,20.0,11.0,11.0,26.0,26.0,18.0,18.0,19.0,19.0,20.0,20.0,16.0,16.0,28.0,28.0,0.0,0.0,0.0,0.0,0.0,0.0,0.0,0.0,0.0,0.0,0.0,0.0,0.0,0.0,0.0,0.0,0.0,0.0,0.0,0.0,0.0,0.0,0.0,0.0,0.0,0.0,0.0,0.0,13.64
25.0,25.0,8.0,8.0,20.0,20.0,22.0,22.0,25.0,25.0,7.0,7.0,13.0,13.0,21.0,21.0,22.0,22.0,15.0,15.0,27.0,27.0,12.0,12.0,8.0,8.0,23.0,23.0,22.0,22.0,17.0,17.0,9.0,9.0,14.0,14.0,30.0,30.0,18.0,18.0,8.0,8.0,20.0,20.0,11.0,11.0,26.0,26.0,18.0,18.0,19.0,19.0,20.0,20.0,16.0,16.0,28.0,28.0,0.0,0.0,0.0,0.0,0.0,0.0,0.0,0.0,0.0,0.0,0.0,0.0,0.0,0.0,0.0,0.0,0.0,0.0,0.0,0.0,0.0,0.0,0.0,0.0,0.0,0.0,0.0,0.0,14.912001
25.0,25.0,8.0,8.0,20.0,20.0,22.0,22.0,25.0,25.0,7.0,7.0,13.0,13.0,21.0,21.0,22.0,22.0,15.0,15.0,27.0,27.0,12.0,12.0,8.0,8.0,23.0,23.0,22.0,22.0,17.0,17.0,9.0,9.0,14.0,14.0,30.0,30.0,18.0,18.0,8.0,8.0,20.0,20.0,11.0,11.0,26.0,26.0,18.0,18.0,19.0,19.0,20.0,20.0,16.0,16.0,28.0,28.0,0.0,0.0,0.0,0.0,0.0,0.0,0.0,0.0,0.0,0.0,0.0,0.0,0.0,0.0,0.0,0.0,0.0,0.0,0.0,0.0,0.0,0.0,0.0,0.0,0.0,0.0,0.0,0.0,14.929601
25.0,25.0,8.0,8.0,20.0,20.0,22.0,22.0,25.0,25.0,7.0,7.0,13.0,13.0,21.0,21.0,22.0,22.0,15.0,15.0,27.0,27.0,12.0,12.0,8.0,8.0,23.0,23.0,22.0,22.0,17.0,17.0,9.0,9.0,14.0,14.0,30.0,30.0,18.0,18.0,8.0,8.0,20.0,20.0,11.0,11.0,26.0,26.0,18.0,18.0,19.0,19.0,20.0,20.0,16.0,16.0,28.0,28.0,0.0,0.0,0.0,0.0,0.0,0.0,0.0,0.0,0.0,0.0,0.0,0.0,0.0,0.0,0.0,0.0,0.0,0.0,0.0,0.0,0.0,0.0,0.0,0.0,0.0,0.0,0.0,0.0,13.943681
25.0,25.0,8.0,8.0,20.0,20.0,22.0,22.0,25.0,25.0,7.0,7.0,13.0,13.0,21.0,21.0,22.0,22.0,15.0,15.0,27.0,27.0,12.0,12.0,8.0,8.0,23.0,23.0,22.0,22.0,17.0,17.0,9.0,9.0,14.0,14.0,30.0,30.0,18.0,18.0,8.0,8.0,20.0,20.0,11.0,11.0,26.0,26.0,18.0,18.0,19.0,19.0,20.0,20.0,16.0,16.0,28.0,28.0,0.0,0.0,0.0,0.0,0.0,0.0,0.0,0.0,0.0,0.0,0.0,0.0,0.0,0.0,0.0,0.0,0.0,0.0,0.0,0.0,0.0,0.0,0.0,0.0,0.0,0.0,0.0,0.0,12.154944
25.0,25.0,8.0,8.0,20.0,20.0,22.0,22.0,25.0,25.0,7.0,7.0,13.0,13.0,21.0,21.0,22.0,22.0,15.0,15.0,27.0,27.0,12.0,12.0,8.0,8.0,23.0,23.0,22.0,22.0,17.0,17.0,9.0,9.0,14.0,14.0,30.0,30.0,18.0,18.0,8.0,8.0,20.0,20.0,11.0,11.0,26.0,26.0,18.0,18.0,19.0,19.0,20.0,20.0,16.0,16.0,28.0,28.0,0.0,0.0,0.0,0.0,0.0,0.0,0.0,0.0,0.0,0.0,0.0,0.0,0.0,0.0,0.0,0.0,0.0,0.0,0.0,0.0,0.0,0.0,0.0,0.0,0.0,0.0,0.0,0.0,6.0
25.0,25.0,8.0,8.0,20.0,20.0,22.0,22.0,25.0,25.0,7.0,7.0,13.0,13.0,21.0,21.0,22.0,22.0,15.0,15.0,27.0,27.0,12.0,12.0,8.0,8.0,23.0,23.0,22.0,22.0,17.0,17.0,9.0,9.0,14.0,14.0,30.0,30.0,18.0,18.0,8.0,8.0,20.0,20.0,11.0,11.0,26.0,26.0,18.0,18.0,19.0,19.0,20.0,20.0,16.0,16.0,28.0,28.0,0.0,0.0,0.0,0.0,0.0,0.0,0.0,0.0,0.0,0.0,0.0,0.0,0.0,0.0,0.0,0.0,0.0,0.0,0.0,0.0,0.0,0.0,0.0,0.0,0.0,0.0,0.0,0.0,10.8
25.0,25.0,8.0,8.0,20.0,20.0,22.0,22.0,25.0,25.0,7.0,7.0,13.0,13.0,21.0,21.0,22.0,22.0,15.0,15.0,27.0,27.0,12.0,12.0,8.0,8.0,23.0,23.0,22.0,22.0,17.0,17.0,9.0,9.0,14.0,14.0,30.0,30.0,18.0,18.0,8.0,8.0,20.0,20.0,11.0,11.0,26.0,26.0,18.0,18.0,19.0,19.0,20.0,20.0,16.0,16.0,28.0,28.0,0.0,0.0,0.0,0.0,0.0,0.0,0.0,0.0,0.0,0.0,0.0,0.0,0.0,0.0,0.0,0.0,0.0,0.0,0.0,0.0,0.0,0.0,0.0,0.0,0.0,0.0,0.0,0.0,13.64
25.0,25.0,8.0,8.0,20.0,20.0,22.0,22.0,25.0,25.0,7.0,7.0,13.0,13.0,21.0,21.0,22.0,22.0,15.0,15.0,27.0,27.0,12.0,12.0,8.0,8.0,23.0,23.0,22.0,22.0,17.0,17.0,9.0,9.0,14.0,14.0,30.0,30.0,18.0,18.0,8.0,8.0,20.0,20.0,11.0,11.0,26.0,26.0,18.0,18.0,19.0,19.0,20.0,20.0,16.0,16.0,28.0,28.0,0.0,0.0,0.0,0.0,0.0,0.0,0.0,0.0,0.0,0.0,0.0,0.0,0.0,0.0,0.0,0.0,0.0,0.0,0.0,0.0,0.0,0.0,0.0,0.0,0.0,0.0,0.0,0.0,14.912001
25.0,25.0,8.0,8.0,20.0,20.0,22.0,22.0,25.0,25.0,7.0,7.0,13.0,13.0,21.0,21.0,22.0,22.0,15.0,15.0,27.0,27.0,12.0,12.0,8.0,8.0,23.0,23.0,22.0,22.0,17.0,17.0,9.0,9.0,14.0,14.0,30.0,30.0,18.0,18.0,8.0,8.0,20.0,20.0,11.0,11.0,26.0,26.0,18.0,18.0,19.0,19.0,20.0,20.0,16.0,16.0,28.0,28.0,0.0,0.0,0.0,0.0,0.0,0.0,0.0,0.0,0.0,0.0,0.0,0.0,0.0,0.0,0.0,0.0,0.0,0.0,0.0,0.0,0.0,0.0,0.0,0.0,0.0,0.0,0.0,0.0,14.929601
25.0,25.0,8.0,8.0,20.0,20.0,22.0,22.0,25.0,25.0,7.0,7.0,13.0,13.0,21.0,21.0,22.0,22.0,15.0,15.0,27.0,27.0,12.0,12.0,8.0,8.0,23.0,23.0,22.0,22.0,17.0,17.0,9.0,9.0,14.0,14.0,30.0,30.0,18.0,18.0,8.0,8.0,20.0,20.0,11.0,11.0,26.0,26.0,18.0,18.0,19.0,19.0,20.0,20.0,16.0,16.0,28.0,28.0,0.0,0.0,0.0,0.0,0.0,0.0,0.0,0.0,0.0,0.0,0.0,0.0,0.0,0.0,0.0,0.0,0.0,0.0,0.0,0.0,0.0,0.0,0.0,0.0,0.0,0.0,0.0,0.0,13.943681
25.0,25.0,8.0,8.0,20.0,20.0,22.0,22.0,25.0,25.0,7.0,7.0,13.0,13.0,21.0,21.0,22.0,22.0,15.0,15.0,27.0,27.0,12.0,12.0,8.0,8.0,23.0,23.0,22.0,22.0,17.0,17.0,9.0,9.0,14.0,14.0,30.0,30.0,18.0,18.0,8.0,8.0,20.0,20.0,11.0,11.0,26.0,26.0,18.0,18.0,19.0,19.0,20.0,20.0,16.0,16.0,28.0,28.0,0.0,0.0,0.0,0.0,0.0,0.0,0.0,0.0,0.0,0.0,0.0,0.0,0.0,0.0,0.0,0.0,0.0,0.0,0.0,0.0,0.0,0.0,0.0,0.0,0.0,0.0,0.0,0.0,12.154944
25.0,25.0,8.0,8.0,20.0,20.0,22.0,22.0,25.0,25.0,7.0,7.0,13.0,13.0,21.0,21.0,22.0,22.0,15.0,15.0,27.0,27.0,12.0,12.0,8.0,8.0,23.0,23.0,22.0,22.0,17.0,17.0,9.0,9.0,14.0,14.0,30.0,30.0,18.0,18.0,8.0,8.0,20.0,20.0,11.0,11.0,26.0,26.0,18.0,18.0,19.0,19.0,20.0,20.0,16.0,16.0,28.0,28.0,0.0,0.0,0.0,0.0,0.0,0.0,0.0,0.0,0.0,0.0,0.0,0.0,0.0,0.0,0.0,0.0,0.0,0.0,0.0,0.0,0.0,0.0,0.0,0.0,0.0,0.0,0.0,0.0,6.0
25.0,25.0,8.0,8.0,20.0,20.0,22.0,22.0,25.0,25.0,7.0,7.0,13.0,13.0,21.0,21.0,22.0,22.0,15.0,15.0,27.0,27.0,12.0,12.0,8.0,8.0,23.0,23.0,22.0,22.0,17.0,17.0,9.0,9.0,14.0,14.0,30.0,30.0,18.0,18.0,8.0,8.0,20.0,20.0,11.0,11.0,26.0,26.0,18.0,18.0,19.0,19.0,20.0,20.0,16.0,16.0,28.0,28.0,0.0,0.0,0.0,0.0,0.0,0.0,0.0,0.0,0.0,0.0,0.0,0.0,0.0,0.0,0.0,0.0,0.0,0.0,0.0,0.0,0.0,0.0,0.0,0.0,0.0,0.0,0.0,0.0,10.8
25.0,25.0,8.0,8.0,20.0,20.0,22.0,22.0,25.0,25.0,7.0,7.0,13.0,13.0,21.0,21.0,22.0,22.0,15.0,15.0,27.0,27.0,12.0,12.0,8.0,8.0,23.0,23.0,22.0,22.0,17.0,17.0,9.0,9.0,14.0,14.0,30.0,30.0,18.0,18.0,8.0,8.0,20.0,20.0,11.0,11.0,26.0,26.0,18.0,18.0,19.0,19.0,20.0,20.0,16.0,16.0,28.0,28.0,0.0,0.0,0.0,0.0,0.0,0.0,0.0,0.0,0.0,0.0,0.0,0.0,0.0,0.0,0.0,0.0,0.0,0.0,0.0,0.0,0.0,0.0,0.0,0.0,0.0,0.0,0.0,0.0,13.64
25.0,25.0,8.0,8.0,20.0,20.0,22.0,22.0,25.0,25.0,7.0,7.0,13.0,13.0,21.0,21.0,22.0,22.0,15.0,15.0,27.0,27.0,12.0,12.0,8.0,8.0,23.0,23.0,22.0,22.0,17.0,17.0,9.0,9.0,14.0,14.0,30.0,30.0,18.0,18.0,8.0,8.0,20.0,20.0,11.0,11.0,26.0,26.0,18.0,18.0,19.0,19.0,20.0,20.0,16.0,16.0,28.0,28.0,0.0,0.0,0.0,0.0,0.0,0.0,0.0,0.0,0.0,0.0,0.0,0.0,0.0,0.0,0.0,0.0,0.0,0.0,0.0,0.0,0.0,0.0,0.0,0.0,0.0,0.0,0.0,0.0,14.912001
25.0,25.0,8.0,8.0,20.0,20.0,22.0,22.0,25.0,25.0,7.0,7.0,13.0,13.0,21.0,21.0,22.0,22.0,15.0,15.0,27.0,27.0,12.0,12.0,8.0,8.0,23.0,23.0,22.0,22.0,17.0,17.0,9.0,9.0,14.0,14.0,30.0,30.0,18.0,18.0,8.0,8.0,20.0,20.0,11.0,11.0,26.0,26.0,18.0,18.0,19.0,19.0,20.0,20.0,16.0,16.0,28.0,28.0,0.0,0.0,0.0,0.0,0.0,0.0,0.0,0.0,0.0,0.0,0.0,0.0,0.0,0.0,0.0,0.0,0.0,0.0,0.0,0.0,0.0,0.0,0.0,0.0,0.0,0.0,0.0,0.0,14.929601
25.0,25.0,8.0,8.0,20.0,20.0,22.0,22.0,25.0,25.0,7.0,7.0,13.0,13.0,21.0,21.0,22.0,22.0,15.0,15.0,27.0,27.0,12.0,12.0,8.0,8.0,23.0,23.0,22.0,22.0,17.0,17.0,9.0,9.0,14.0,14.0,30.0,30.0,18.0,18.0,8.0,8.0,20.0,20.0,11.0,11.0,26.0,26.0,18.0,18.0,19.0,19.0,20.0,20.0,16.0,16.0,28.0,28.0,0.0,0.0,0.0,0.0,0.0,0.0,0.0,0.0,0.0,0.0,0.0,0.0,0.0,0.0,0.0,0.0,0.0,0.0,0.0,0.0,0.0,0.0,0.0,0.0,0.0,0.0,0.0,0.0,13.943681
25.0,25.0,8.0,8.0,20.0,20.0,22.0,22.0,25.0,25.0,7.0,7.0,13.0,13.0,21.0,21.0,22.0,22.0,15.0,15.0,27.0,27.0,12.0,12.0,8.0,8.0,23.0,23.0,22.0,22.0,17.0,17.0,9.0,9.0,14.0,14.0,30.0,30.0,18.0,18.0,8.0,8.0,20.0,20.0,11.0,11.0,26.0,26.0,18.0,18.0,19.0,19.0,20.0,20.0,16.0,16.0,28.0,28.0,0.0,0.0,0.0,0.0,0.0,0.0,0.0,0.0,0.0,0.0,0.0,0.0,0.0,0.0,0.0,0.0,0.0,0.0,0.0,0.0,0.0,0.0,0.0,0.0,0.0,0.0,0.0,0.0,12.154944
25.0,25.0,8.0,8.0,20.0,20.0,22.0,22.0,25.0,25.0,7.0,7.0,13.0,13.0,21.0,21.0,22.0,22.0,15.0,15.0,27.0,27.0,12.0,12.0,8.0,8.0,23.0,23.0,22.0,22.0,17.0,17.0,9.0,9.0,14.0,14.0,30.0,30.0,18.0,18.0,8.0,8.0,20.0,20.0,11.0,11.0,26.0,26.0,18.0,18.0,19.0,19.0,20.0,20.0,16.0,16.0,28.0,28.0,0.0,0.0,0.0,0.0,0.0,0.0,0.0,0.0,0.0,0.0,0.0,0.0,0.0,0.0,0.0,0.0,0.0,0.0,0.0,0.0,0.0,0.0,0.0,0.0,0.0,0.0,0.0,0.0,6.0
25.0,25.0,8.0,8.0,20.0,20.0,22.0,22.0,25.0,25.0,7.0,7.0,13.0,13.0,21.0,21.0,22.0,22.0,15.0,15.0,27.0,27.0,12.0,12.0,8.0,8.0,23.0,23.0,22.0,22.0,17.0,17.0,9.0,9.0,14.0,14.0,30.0,30.0,18.0,18.0,8.0,8.0,20.0,20.0,11.0,11.0,26.0,26.0,18.0,18.0,19.0,19.0,20.0,20.0,16.0,16.0,28.0,28.0,0.0,0.0,0.0,0.0,0.0,0.0,0.0,0.0,0.0,0.0,0.0,0.0,0.0,0.0,0.0,0.0,0.0,0.0,0.0,0.0,0.0,0.0,0.0,0.0,0.0,0.0,0.0,0.0,10.8
25.0,25.0,8.0,8.0,20.0,20.0,22.0,22.0,25.0,25.0,7.0,7.0,13.0,13.0,21.0,21.0,22.0,22.0,15.0,15.0,27.0,27.0,12.0,12.0,8.0,8.0,23.0,23.0,22.0,22.0,17.0,17.0,9.0,9.0,14.0,14.0,30.0,30.0,18.0,18.0,8.0,8.0,20.0,20.0,11.0,11.0,26.0,26.0,18.0,18.0,19.0,19.0,20.0,20.0,16.0,16.0,28.0,28.0,0.0,0.0,0.0,0.0,0.0,0.0,0.0,0.0,0.0,0.0,0.0,0.0,0.0,0.0,0.0,0.0,0.0,0.0,0.0,0.0,0.0,0.0,0.0,0.0,0.0,0.0,0.0,0.0,13.64
25.0,25.0,8.0,8.0,20.0,20.0,22.0,22.0,25.0,25.0,7.0,7.0,13.0,13.0,21.0,21.0,22.0,22.0,15.0,15.0,27.0,27.0,12.0,12.0,8.0,8.0,23.0,23.0,22.0,22.0,17.0,17.0,9.0,9.0,14.0,14.0,30.0,30.0,18.0,18.0,8.0,8.0,20.0,20.0,11.0,11.0,26.0,26.0,18.0,18.0,19.0,19.0,20.0,20.0,16.0,16.0,28.0,28.0,0.0,0.0,0.0,0.0,0.0,0.0,0.0,0.0,0.0,0.0,0.0,0.0,0.0,0.0,0.0,0.0,0.0,0.0,0.0,0.0,0.0,0.0,0.0,0.0,0.0,0.0,0.0,0.0,14.912001
25.0,25.0,8.0,8.0,20.0,20.0,22.0,22.0,25.0,25.0,7.0,7.0,13.0,13.0,21.0,21.0,22.0,22.0,15.0,15.0,27.0,27.0,12.0,12.0,8.0,8.0,23.0,23.0,22.0,22.0,17.0,17.0,9.0,9.0,14.0,14.0,30.0,30.0,18.0,18.0,8.0,8.0,20.0,20.0,11.0,11.0,26.0,26.0,18.0,18.0,19.0,19.0,20.0,20.0,16.0,16.0,28.0,28.0,0.0,0.0,0.0,0.0,0.0,0.0,0.0,0.0,0.0,0.0,0.0,0.0,0.0,0.0,0.0,0.0,0.0,0.0,0.0,0.0,0.0,0.0,0.0,0.0,0.0,0.0,0.0,0.0,14.929601
25.0,25.0,8.0,8.0,20.0,20.0,22.0,22.0,25.0,25.0,7.0,7.0,13.0,13.0,21.0,21.0,22.0,22.0,15.0,15.0,27.0,27.0,12.0,12.0,8.0,8.0,23.0,23.0,22.0,22.0,17.0,17.0,9.0,9.0,14.0,14.0,30.0,30.0,18.0,18.0,8.0,8.0,20.0,20.0,11.0,11.0,26.0,26.0,18.0,18.0,19.0,19.0,20.0,20.0,16.0,16.0,28.0,28.0,0.0,0.0,0.0,0.0,0.0,0.0,0.0,0.0,0.0,0.0,0.0,0.0,0.0,0.0,0.0,0.0,0.0,0.0,0.0,0.0,0.0,0.0,0.0,0.0,0.0,0.0,0.0,0.0,13.943681
25.0,25.0,8.0,8.0,20.0,20.0,22.0,22.0,25.0,25.0,7.0,7.0,13.0,13.0,21.0,21.0,22.0,22.0,15.0,15.0,27.0,27.0,12.0,12.0,8.0,8.0,23.0,23.0,22.0,22.0,17.0,17.0,9.0,9.0,14.0,14.0,30.0,30.0,18.0,18.0,8.0,8.0,20.0,20.0,11.0,11.0,26.0,26.0,18.0,18.0,19.0,19.0,20.0,20.0,16.0,16.0,28.0,28.0,0.0,0.0,0.0,0.0,0.0,0.0,0.0,0.0,0.0,0.0,0.0,0.0,0.0,0.0,0.0,0.0,0.0,0.0,0.0,0.0,0.0,0.0,0.0,0.0,0.0,0.0,0.0,0.0,12.154944
25.0,25.0,8.0,8.0,20.0,20.0,22.0,22.0,25.0,25.0,7.0,7.0,13.0,13.0,21.0,21.0,22.0,22.0,15.0,15.0,27.0,27.0,12.0,12.0,8.0,8.0,23.0,23.0,22.0,22.0,17.0,17.0,9.0,9.0,14.0,14.0,30.0,30.0,18.0,18.0,8.0,8.0,20.0,20.0,11.0,11.0,26.0,26.0,18.0,18.0,19.0,19.0,20.0,20.0,16.0,16.0,28.0,28.0,0.0,0.0,0.0,0.0,0.0,0.0,0.0,0.0,0.0,0.0,0.0,0.0,0.0,0.0,0.0,0.0,0.0,0.0,0.0,0.0,0.0,0.0,0.0,0.0,0.0,0.0,0.0,0.0,6.0
25.0,25.0,8.0,8.0,20.0,20.0,22.0,22.0,25.0,25.0,7.0,7.0,13.0,13.0,21.0,21.0,22.0,22.0,15.0,15.0,27.0,27.0,12.0,12.0,8.0,8.0,23.0,23.0,22.0,22.0,17.0,17.0,9.0,9.0,14.0,14.0,30.0,30.0,18.0,18.0,8.0,8.0,20.0,20.0,11.0,11.0,26.0,26.0,18.0,18.0,19.0,19.0,20.0,20.0,16.0,16.0,28.0,28.0,0.0,0.0,0.0,0.0,0.0,0.0,0.0,0.0,0.0,0.0,0.0,0.0,0.0,0.0,0.0,0.0,0.0,0.0,0.0,0.0,0.0,0.0,0.0,0.0,0.0,0.0,0.0,0.0,10.8
25.0,25.0,8.0,8.0,20.0,20.0,22.0,22.0,25.0,25.0,7.0,7.0,13.0,13.0,21.0,21.0,22.0,22.0,15.0,15.0,27.0,27.0,12.0,12.0,8.0,8.0,23.0,23.0,22.0,22.0,17.0,17.0,9.0,9.0,14.0,14.0,30.0,30.0,18.0,18.0,8.0,8.0,20.0,20.0,11.0,11.0,26.0,26.0,18.0,18.0,19.0,19.0,20.0,20.0,16.0,16.0,28.0,28.0,0.0,0.0,0.0,0.0,0.0,0.0,0.0,0.0,0.0,0.0,0.0,0.0,0.0,0.0,0.0,0.0,0.0,0.0,0.0,0.0,0.0,0.0,0.0,0.0,0.0,0.0,0.0,0.0,13.64
25.0,25.0,8.0,8.0,20.0,20.0,22.0,22.0,25.0,25.0,7.0,7.0,13.0,13.0,21.0,21.0,22.0,22.0,15.0,15.0,27.0,27.0,12.0,12.0,8.0,8.0,23.0,23.0,22.0,22.0,17.0,17.0,9.0,9.0,14.0,14.0,30.0,30.0,18.0,18.0,8.0,8.0,20.0,20.0,11.0,11.0,26.0,26.0,18.0,18.0,19.0,19.0,20.0,20.0,16.0,16.0,28.0,28.0,0.0,0.0,0.0,0.0,0.0,0.0,0.0,0.0,0.0,0.0,0.0,0.0,0.0,0.0,0.0,0.0,0.0,0.0,0.0,0.0,0.0,0.0,0.0,0.0,0.0,0.0,0.0,0.0,14.912001
25.0,25.0,8.0,8.0,20.0,20.0,22.0,22.0,25.0,25.0,7.0,7.0,13.0,13.0,21.0,21.0,22.0,22.0,15.0,15.0,27.0,27.0,12.0,12.0,8.0,8.0,23.0,23.0,22.0,22.0,17.0,17.0,9.0,9.0,14.0,14.0,30.0,30.0,18.0,18.0,8.0,8.0,20.0,20.0,11.0,11.0,26.0,26.0,18.0,18.0,19.0,19.0,20.0,20.0,16.0,16.0,28.0,28.0,0.0,0.0,0.0,0.0,0.0,0.0,0.0,0.0,0.0,0.0,0.0,0.0,0.0,0.0,0.0,0.0,0.0,0.0,0.0,0.0,0.0,0.0,0.0,0.0,0.0,0.0,0.0,0.0,14.929601
25.0,25.0,8.0,8.0,20.0,20.0,22.0,22.0,25.0,25.0,7.0,7.0,13.0,13.0,21.0,21.0,22.0,22.0,15.0,15.0,27.0,27.0,12.0,12.0,8.0,8.0,23.0,23.0,22.0,22.0,17.0,17.0,9.0,9.0,14.0,14.0,30.0,30.0,18.0,18.0,8.0,8.0,20.0,20.0,11.0,11.0,26.0,26.0,18.0,18.0,19.0,19.0,20.0,20.0,16.0,16.0,28.0,28.0,0.0,0.0,0.0,0.0,0.0,0.0,0.0,0.0,0.0,0.0,0.0,0.0,0.0,0.0,0.0,0.0,0.0,0.0,0.0,0.0,0.0,0.0,0.0,0.0,0.0,0.0,0.0,0.0,13.943681
25.0,25.0,8.0,8.0,20.0,20.0,22.0,22.0,25.0,25.0,7.0,7.0,13.0,13.0,21.0,21.0,22.0,22.0,15.0,15.0,27.0,27.0,12.0,12.0,8.0,8.0,23.0,23.0,22.0,22.0,17.0,17.0,9.0,9.0,14.0,14.0,30.0,30.0,18.0,18.0,8.0,8.0,20.0,20.0,11.0,11.0,26.0,26.0,18.0,18.0,19.0,19.0,20.0,20.0,16.0,16.0,28.0,28.0,0.0,0.0,0.0,0.0,0.0,0.0,0.0,0.0,0.0,0.0,0.0,0.0,0.0,0.0,0.0,0.0,0.0,0.0,0.0,0.0,0.0,0.0,0.0,0.0,0.0,0.0,0.0,0.0,12.154944
25.0,25.0,8.0,8.0,20.0,20.0,22.0,22.0,25.0,25.0,7.0,7.0,13.0,13.0,21.0,21.0,22.0,22.0,15.0,15.0,27.0,27.0,12.0,12.0,8.0,8.0,23.0,23.0,22.0,22.0,17.0,17.0,9.0,9.0,14.0,14.0,30.0,30.0,18.0,18.0,8.0,8.0,20.0,20.0,11.0,11.0,26.0,26.0,18.0,18.0,19.0,19.0,20.0,20.0,16.0,16.0,28.0,28.0,0.0,0.0,0.0,0.0,0.0,0.0,0.0,0.0,0.0,0.0,0.0,0.0,0.0,0.0,0.0,0.0,0.0,0.0,0.0,0.0,0.0,0.0,0.0,0.0,0.0,0.0,0.0,0.0,1.0
25.0,25.0,8.0,8.0,20.0,20.0,22.0,22.0,25.0,25.0,7.0,7.0,13.0,13.0,21.0,21.0,22.0,22.0,15.0,15.0,27.0,27.0,12.0,12.0,8.0,8.0,23.0,23.0,22.0,22.0,17.0,17.0,9.0,9.0,14.0,14.0,30.0,30.0,18.0,18.0,8.0,8.0,20.0,20.0,11.0,11.0,26.0,26.0,18.0,18.0,19.0,19.0,20.0,20.0,16.0,16.0,28.0,28.0,0.0,0.0,0.0,0.0,0.0,0.0,0.0,0.0,0.0,0.0,0.0,0.0,0.0,0.0,0.0,0.0,0.0,0.0,0.0,0.0,0.0,0.0,0.0,0.0,0.0,0.0,0.0,0.0,1.0
25.0,25.0,8.0,8.0,20.0,20.0,22.0,22.0,25.0,25.0,7.0,7.0,13.0,13.0,21.0,21.0,22.0,22.0,15.0,15.0,27.0,27.0,12.0,12.0,8.0,8.0,23.0,23.0,22.0,22.0,17.0,17.0,9.0,9.0,14.0,14.0,30.0,30.0,18.0,18.0,8.0,8.0,20.0,20.0,11.0,11.0,26.0,26.0,18.0,18.0,19.0,19.0,20.0,20.0,16.0,16.0,28.0,28.0,0.0,0.0,0.0,0.0,0.0,0.0,0.0,0.0,0.0,0.0,0.0,0.0,0.0,0.0,0.0,0.0,0.0,0.0,0.0,0.0,0.0,0.0,0.0,0.0,0.0,0.0,0.0,0.0,1.0
25.0,25.0,8.0,8.0,20.0,20.0,22.0,22.0,25.0,25.0,7.0,7.0,13.0,13.0,21.0,21.0,22.0,22.0,15.0,15.0,27.0,27.0,12.0,12.0,8.0,8.0,23.0,23.0,22.0,22.0,17.0,17.0,9.0,9.0,14.0,14.0,30.0,30.0,18.0,18.0,8.0,8.0,20.0,20.0,11.0,11.0,26.0,26.0,18.0,18.0,19.0,19.0,20.0,20.0,16.0,16.0,28.0,28.0,0.0,0.0,0.0,0.0,0.0,0.0,0.0,0.0,0.0,0.0,0.0,0.0,0.0,0.0,0.0,0.0,0.0,0.0,0.0,0.0,0.0,0.0,0.0,0.0,0.0,0.0,0.0,0.0,6.0
25.0,25.0,8.0,8.0,20.0,20.0,22.0,22.0,25.0,25.0,7.0,7.0,13.0,13.0,21.0,21.0,22.0,22.0,15.0,15.0,27.0,27.0,12.0,12.0,8.0,8.0,23.0,23.0,22.0,22.0,17.0,17.0,9.0,9.0,14.0,14.0,30.0,30.0,18.0,18.0,8.0,8.0,20.0,20.0,11.0,11.0,26.0,26.0,18.0,18.0,19.0,19.0,20.0,20.0,16.0,16.0,28.0,28.0,0.0,0.0,0.0,0.0,0.0,0.0,0.0,0.0,0.0,0.0,0.0,0.0,0.0,0.0,0.0,0.0,0.0,0.0,0.0,0.0,0.0,0.0,0.0,0.0,0.0,0.0,0.0,0.0,10.8
25.0,25.0,8.0,8.0,20.0,20.0,22.0,22.0,25.0,25.0,7.0,7.0,13.0,13.0,21.0,21.0,22.0,22.0,15.0,15.0,27.0,27.0,12.0,12.0,8.0,8.0,23.0,23.0,22.0,22.0,17.0,17.0,9.0,9.0,14.0,14.0,30.0,30.0,18.0,18.0,8.0,8.0,20.0,20.0,11.0,11.0,26.0,26.0,18.0,18.0,19.0,19.0,20.0,20.0,16.0,16.0,28.0,28.0,0.0,0.0,0.0,0.0,0.0,0.0,0.0,0.0,0.0,0.0,0.0,0.0,0.0,0.0,0.0,0.0,0.0,0.0,0.0,0.0,0.0,0.0,0.0,0.0,0.0,0.0,0.0,0.0,13.64
25.0,25.0,8.0,8.0,20.0,20.0,22.0,22.0,25.0,25.0,7.0,7.0,13.0,13.0,21.0,21.0,22.0,22.0,15.0,15.0,27.0,27.0,12.0,12.0,8.0,8.0,23.0,23.0,22.0,22.0,17.0,17.0,9.0,9.0,14.0,14.0,30.0,30.0,18.0,18.0,8.0,8.0,20.0,20.0,11.0,11.0,26.0,26.0,18.0,18.0,19.0,19.0,20.0,20.0,16.0,16.0,28.0,28.0,0.0,0.0,0.0,0.0,0.0,0.0,0.0,0.0,0.0,0.0,0.0,0.0,0.0,0.0,0.0,0.0,0.0,0.0,0.0,0.0,0.0,0.0,0.0,0.0,0.0,0.0,0.0,0.0,14.912001
25.0,25.0,8.0,8.0,20.0,20.0,22.0,22.0,25.0,25.0,7.0,7.0,13.0,13.0,21.0,21.0,22.0,22.0,15.0,15.0,27.0,27.0,12.0,12.0,8.0,8.0,23.0,23.0,22.0,22.0,17.0,17.0,9.0,9.0,14.0,14.0,30.0,30.0,18.0,18.0,8.0,8.0,20.0,20.0,11.0,11.0,26.0,26.0,18.0,18.0,19.0,19.0,20.0,20.0,16.0,16.0,28.0,28.0,0.0,0.0,0.0,0.0,0.0,0.0,0.0,0.0,0.0,0.0,0.0,0.0,0.0,0.0,0.0,0.0,0.0,0.0,0.0,0.0,0.0,0.0,0.0,0.0,0.0,0.0,0.0,0.0,14.929601
25.0,25.0,8.0,8.0,20.0,20.0,22.0,22.0,25.0,25.0,7.0,7.0,13.0,13.0,21.0,21.0,22.0,22.0,15.0,15.0,27.0,27.0,12.0,12.0,8.0,8.0,23.0,23.0,22.0,22.0,17.0,17.0,9.0,9.0,14.0,14.0,30.0,30.0,18.0,18.0,8.0,8.0,20.0,20.0,11.0,11.0,26.0,26.0,18.0,18.0,19.0,19.0,20.0,20.0,16.0,16.0,28.0,28.0,0.0,0.0,0.0,0.0,0.0,0.0,0.0,0.0,0.0,0.0,0.0,0.0,0.0,0.0,0.0,0.0,0.0,0.0,0.0,0.0,0.0,0.0,0.0,0.0,0.0,0.0,0.0,0.0,13.943681
25.0,25.0,8.0,8.0,20.0,20.0,22.0,22.0,25.0,25.0,7.0,7.0,13.0,13.0,21.0,21.0,22.0,22.0,15.0,15.0,27.0,27.0,12.0,12.0,8.0,8.0,23.0,23.0,22.0,22.0,17.0,17.0,9.0,9.0,14.0,14.0,30.0,30.0,18.0,18.0,8.0,8.0,20.0,20.0,11.0,11.0,26.0,26.0,18.0,18.0,19.0,19.0,20.0,20.0,16.0,16.0,28.0,28.0,0.0,0.0,0.0,0.0,0.0,0.0,0.0,0.0,0.0,0.0,0.0,0.0,0.0,0.0,0.0,0.0,0.0,0.0,0.0,0.0,0.0,0.0,0.0,0.0,0.0,0.0,0.0,0.0,12.154944
25.0,25.0,8.0,8.0,20.0,20.0,22.0,22.0,25.0,25.0,7.0,7.0,13.0,13.0,21.0,21.0,22.0,22.0,15.0,15.0,27.0,27.0,12.0,12.0,8.0,8.0,23.0,23.0,22.0,22.0,17.0,17.0,9.0,9.0,14.0,14.0,30.0,30.0,18.0,18.0,8.0,8.0,20.0,20.0,11.0,11.0,26.0,26.0,18.0,18.0,19.0,19.0,20.0,20.0,16.0,16.0,28.0,28.0,0.0,0.0,0.0,0.0,0.0,0.0,0.0,0.0,0.0,0.0,0.0,0.0,0.0,0.0,0.0,0.0,0.0,0.0,0.0,0.0,0.0,0.0,0.0,0.0,0.0,0.0,0.0,0.0,6.0
25.0,25.0,8.0,8.0,20.0,20.0,22.0,22.0,25.0,25.0,7.0,7.0,13.0,13.0,21.0,21.0,22.0,22.0,15.0,15.0,27.0,27.0,12.0,12.0,8.0,8.0,23.0,23.0,22.0,22.0,17.0,17.0,9.0,9.0,14.0,14.0,30.0,30.0,18.0,18.0,8.0,8.0,20.0,20.0,11.0,11.0,26.0,26.0,18.0,18.0,19.0,19.0,20.0,20.0,16.0,16.0,28.0,28.0,0.0,0.0,0.0,0.0,0.0,0.0,0.0,0.0,0.0,0.0,0.0,0.0,0.0,0.0,0.0,0.0,0.0,0.0,0.0,0.0,0.0,0.0,0.0,0.0,0.0,0.0,0.0,0.0,10.8
25.0,25.0,8.0,8.0,20.0,20.0,22.0,22.0,25.0,25.0,7.0,7.0,13.0,13.0,21.0,21.0,22.0,22.0,15.0,15.0,27.0,27.0,12.0,12.0,8.0,8.0,23.0,23.0,22.0,22.0,17.0,17.0,9.0,9.0,14.0,14.0,30.0,30.0,18.0,18.0,8.0,8.0,20.0,20.0,11.0,11.0,26.0,26.0,18.0,18.0,19.0,19.0,20.0,20.0,16.0,16.0,28.0,28.0,0.0,0.0,0.0,0.0,0.0,0.0,0.0,0.0,0.0,0.0,0.0,0.0,0.0,0.0,0.0,0.0,0.0,0.0,0.0,0.0,0.0,0.0,0.0,0.0,0.0,0.0,0.0,0.0,13.64
25.0,25.0,8.0,8.0,20.0,20.0,22.0,22.0,25.0,25.0,7.0,7.0,13.0,13.0,21.0,21.0,22.0,22.0,15.0,15.0,27.0,27.0,12.0,12.0,8.0,8.0,23.0,23.0,22.0,22.0,17.0,17.0,9.0,9.0,14.0,14.0,30.0,30.0,18.0,18.0,8.0,8.0,20.0,20.0,11.0,11.0,26.0,26.0,18.0,18.0,19.0,19.0,20.0,20.0,16.0,16.0,28.0,28.0,0.0,0.0,0.0,0.0,0.0,0.0,0.0,0.0,0.0,0.0,0.0,0.0,0.0,0.0,0.0,0.0,0.0,0.0,0.0,0.0,0.0,0.0,0.0,0.0,0.0,0.0,0.0,0.0,14.912001
25.0,25.0,8.0,8.0,20.0,20.0,22.0,22.0,25.0,25.0,7.0,7.0,13.0,13.0,21.0,21.0,22.0,22.0,15.0,15.0,27.0,27.0,12.0,12.0,8.0,8.0,23.0,23.0,22.0,22.0,17.0,17.0,9.0,9.0,14.0,14.0,30.0,30.0,18.0,18.0,8.0,8.0,20.0,20.0,11.0,11.0,26.0,26.0,18.0,18.0,19.0,19.0,20.0,20.0,16.0,16.0,28.0,28.0,0.0,0.0,0.0,0.0,0.0,0.0,0.0,0.0,0.0,0.0,0.0,0.0,0.0,0.0,0.0,0.0,0.0,0.0,0.0,0.0,0.0,0.0,0.0,0.0,0.0,0.0,0.0,0.0,14.929601
25.0,25.0,8.0,8.0,20.0,20.0,22.0,22.0,25.0,25.0,7.0,7.0,13.0,13.0,21.0,21.0,22.0,22.0,15.0,15.0,27.0,27.0,12.0,12.0,8.0,8.0,23.0,23.0,22.0,22.0,17.0,17.0,9.0,9.0,14.0,14.0,30.0,30.0,18.0,18.0,8.0,8.0,20.0,20.0,11.0,11.0,26.0,26.0,18.0,18.0,19.0,19.0,20.0,20.0,16.0,16.0,28.0,28.0,0.0,0.0,0.0,0.0,0.0,0.0,0.0,0.0,0.0,0.0,0.0,0.0,0.0,0.0,0.0,0.0,0.0,0.0,0.0,0.0,0.0,0.0,0.0,0.0,0.0,0.0,0.0,0.0,13.943681
25.0,25.0,8.0,8.0,20.0,20.0,22.0,22.0,25.0,25.0,7.0,7.0,13.0,13.0,21.0,21.0,22.0,22.0,15.0,15.0,27.0,27.0,12.0,12.0,8.0,8.0,23.0,23.0,22.0,22.0,17.0,17.0,9.0,9.0,14.0,14.0,30.0,30.0,18.0,18.0,8.0,8.0,20.0,20.0,11.0,11.0,26.0,26.0,18.0,18.0,19.0,19.0,20.0,20.0,16.0,16.0,28.0,28.0,0.0,0.0,0.0,0.0,0.0,0.0,0.0,0.0,0.0,0.0,0.0,0.0,0.0,0.0,0.0,0.0,0.0,0.0,0.0,0.0,0.0,0.0,0.0,0.0,0.0,0.0,0.0,0.0,12.154944
25.0,25.0,8.0,8.0,20.0,20.0,22.0,22.0,25.0,25.0,7.0,7.0,13.0,13.0,21.0,21.0,22.0,22.0,15.0,15.0,27.0,27.0,12.0,12.0,8.0,8.0,23.0,23.0,22.0,22.0,17.0,17.0,9.0,9.0,14.0,14.0,30.0,30.0,18.0,18.0,8.0,8.0,20.0,20.0,11.0,11.0,26.0,26.0,18.0,18.0,19.0,19.0,20.0,20.0,16.0,16.0,28.0,28.0,0.0,0.0,0.0,0.0,0.0,0.0,0.0,0.0,0.0,0.0,0.0,0.0,0.0,0.0,0.0,0.0,0.0,0.0,0.0,0.0,0.0,0.0,0.0,0.0,0.0,0.0,0.0,0.0,5.577206
25.0,25.0,8.0,8.0,20.0,20.0,22.0,22.0,25.0,25.0,7.0,7.0,13.0,13.0,21.0,21.0,22.0,22.0,15.0,15.0,27.0,27.0,12.0,12.0,8.0,8.0,23.0,23.0,22.0,22.0,17.0,17.0,9.0,9.0,14.0,14.0,30.0,30.0,18.0,18.0,8.0,8.0,20.0,20.0,11.0,11.0,26.0,26.0,18.0,18.0,19.0,19.0,20.0,20.0,16.0,16.0,28.0,28.0,0.0,0.0,0.0,0.0,0.0,0.0,0.0,0.0,0.0,0.0,0.0,0.0,0.0,0.0,0.0,0.0,0.0,0.0,0.0,0.0,0.0,0.0,0.0,0.0,0.0,0.0,0.0,0.0,10.038971
25.0,25.0,8.0,8.0,20.0,20.0,22.0,22.0,25.0,25.0,7.0,7.0,13.0,13.0,21.0,21.0,22.0,22.0,15.0,15.0,27.0,27.0,12.0,12.0,8.0,8.0,23.0,23.0,22.0,22.0,17.0,17.0,9.0,9.0,14.0,14.0,30.0,30.0,18.0,18.0,8.0,8.0,20.0,20.0,11.0,11.0,26.0,26.0,18.0,18.0,19.0,19.0,20.0,20.0,16.0,16.0,28.0,28.0,0.0,0.0,0.0,0.0,0.0,0.0,0.0,0.0,0.0,0.0,0.0,0.0,0.0,0.0,0.0,0.0,0.0,0.0,0.0,0.0,0.0,0.0,0.0,0.0,0.0,0.0,0.0,0.0,12.795882
25.0,25.0,8.0,8.0,20.0,20.0,22.0,22.0,25.0,25.0,7.0,7.0,13.0,13.0,21.0,21.0,22.0,22.0,15.0,15.0,27.0,27.0,12.0,12.0,8.0,8.0,23.0,23.0,22.0,22.0,17.0,17.0,9.0,9.0,14.0,14.0,30.0,30.0,18.0,18.0,8.0,8.0,20.0,20.0,11.0,11.0,26.0,26.0,18.0,18.0,19.0,19.0,20.0,20.0,16.0,16.0,28.0,28.0,0.0,0.0,0.0,0.0,0.0,0.0,0.0,0.0,0.0,0.0,0.0,0.0,0.0,0.0,0.0,0.0,0.0,0.0,0.0,0.0,0.0,0.0,0.0,0.0,0.0,0.0,0.0,0.0,14.001411
25.0,25.0,8.0,8.0,20.0,20.0,22.0,22.0,25.0,25.0,7.0,7.0,13.0,13.0,21.0,21.0,22.0,22.0,15.0,15.0,27.0,27.0,12.0,12.0,8.0,8.0,23.0,23.0,22.0,22.0,17.0,17.0,9.0,9.0,14.0,14.0,30.0,30.0,18.0,18.0,8.0,8.0,20.0,20.0,11.0,11.0,26.0,26.0,18.0,18.0,19.0,19.0,20.0,20.0,16.0,16.0,28.0,28.0,0.0,0.0,0.0,0.0,0.0,0.0,0.0,0.0,0.0,0.0,0.0,0.0,0.0,0.0,0.0,0.0,0.0,0.0,0.0,0.0,0.0,0.0,0.0,0.0,0.0,0.0,0.0,0.0,13.965835
25.0,25.0,8.0,8.0,20.0,20.0,22.0,22.0,25.0,25.0,7.0,7.0,13.0,13.0,21.0,21.0,22.0,22.0,15.0,15.0,27.0,27.0,12.0,12.0,8.0,8.0,23.0,23.0,22.0,22.0,17.0,17.0,9.0,9.0,14.0,14.0,30.0,30.0,18.0,18.0,8.0,8.0,20.0,20.0,11.0,11.0,26.0,26.0,18.0,18.0,19.0,19.0,20.0,20.0,16.0,16.0,28.0,28.0,0.0,0.0,0.0,0.0,0.0,0.0,0.0,0.0,0.0,0.0,0.0,0.0,0.0,0.0,0.0,0.0,0.0,0.0,0.0,0.0,0.0,0.0,0.0,0.0,0.0,0.0,0.0,0.0,13.113844
25.0,25.0,8.0,8.0,20.0,20.0,22.0,22.0,25.0,25.0,7.0,7.0,13.0,13.0,21.0,21.0,22.0,22.0,15.0,15.0,27.0,27.0,12.0,12.0,8.0,8.0,23.0,23.0,22.0,22.0,17.0,17.0,9.0,9.0,14.0,14.0,30.0,30.0,18.0,18.0,8.0,8.0,20.0,20.0,11.0,11.0,26.0,26.0,18.0,18.0,19.0,19.0,20.0,20.0,16.0,16.0,28.0,28.0,0.0,0.0,0.0,0.0,0.0,0.0,0.0,0.0,0.0,0.0,0.0,0.0,0.0,0.0,0.0,0.0,0.0,0.0,0.0,0.0,0.0,0.0,0.0,0.0,0.0,0.0,0.0,0.0,11.4910755
25.0,25.0,8.0,8.0,20.0,20.0,22.0,22.0,25.0,25.0,7.0,7.0,13.0,13.0,21.0,21.0,22.0,22.0,15.0,15.0,27.0,27.0,12.0,12.0,8.0,8.0,23.0,23.0,22.0,22.0,17.0,17.0,9.0,9.0,14.0,14.0,30.0,30.0,18.0,18.0,8.0,8.0,20.0,20.0,11.0,11.0,26.0,26.0,18.0,18.0,19.0,19.0,20.0,20.0,16.0,16.0,28.0,28.0,0.0,0.0,0.0,0.0,0.0,0.0,0.0,0.0,0.0,0.0,0.0,0.0,0.0,0.0,0.0,0.0,0.0,0.0,0.0,0.0,0.0,0.0,0.0,0.0,0.0,0.0,0.0,0.0,5.894737
25.0,25.0,8.0,8.0,20.0,20.0,22.0,22.0,25.0,25.0,7.0,7.0,13.0,13.0,21.0,21.0,22.0,22.0,15.0,15.0,27.0,27.0,12.0,12.0,8.0,8.0,23.0,23.0,22.0,22.0,17.0,17.0,9.0,9.0,14.0,14.0,30.0,30.0,18.0,18.0,8.0,8.0,20.0,20.0,11.0,11.0,26.0,26.0,18.0,18.0,19.0,19.0,20.0,20.0,16.0,16.0,28.0,28.0,0.0,0.0,0.0,0.0,0.0,0.0,0.0,0.0,0.0,0.0,0.0,0.0,0.0,0.0,0.0,0.0,0.0,0.0,0.0,0.0,0.0,0.0,0.0,0.0,0.0,0.0,0.0,0.0,10.610526
25.0,25.0,8.0,8.0,20.0,20.0,22.0,22.0,25.0,25.0,7.0,7.0,13.0,13.0,21.0,21.0,22.0,22.0,15.0,15.0,27.0,27.0,12.0,12.0,8.0,8.0,23.0,23.0,22.0,22.0,17.0,17.0,9.0,9.0,14.0,14.0,30.0,30.0,18.0,18.0,8.0,8.0,20.0,20.0,11.0,11.0,26.0,26.0,18.0,18.0,19.0,19.0,20.0,20.0,16.0,16.0,28.0,28.0,0.0,0.0,0.0,0.0,0.0,0.0,0.0,0.0,0.0,0.0,0.0,0.0,0.0,0.0,0.0,0.0,0.0,0.0,0.0,0.0,0.0,0.0,0.0,0.0,0.0,0.0,0.0,0.0,13.383158
25.0,25.0,8.0,8.0,20.0,20.0,22.0,22.0,25.0,25.0,7.0,7.0,13.0,13.0,21.0,21.0,22.0,22.0,15.0,15.0,27.0,27.0,12.0,12.0,8.0,8.0,23.0,23.0,22.0,22.0,17.0,17.0,9.0,9.0,14.0,14.0,30.0,30.0,18.0,18.0,8.0,8.0,20.0,20.0,11.0,11.0,26.0,26.0,18.0,18.0,19.0,19.0,20.0,20.0,16.0,16.0,28.0,28.0,0.0,0.0,0.0,0.0,0.0,0.0,0.0,0.0,0.0,0.0,0.0,0.0,0.0,0.0,0.0,0.0,0.0,0.0,0.0,0.0,0.0,0.0,0.0,0.0,0.0,0.0,0.0,0.0,14.601264
25.0,25.0,8.0,8.0,20.0,20.0,22.0,22.0,25.0,25.0,7.0,7.0,13.0,13.0,21.0,21.0,22.0,22.0,15.0,15.0,27.0,27.0,12.0,12.0,8.0,8.0,23.0,23.0,22.0,22.0,17.0,17.0,9.0,9.0,14.0,14.0,30.0,30.0,18.0,18.0,8.0,8.0,20.0,20.0,11.0,11.0,26.0,26.0,18.0,18.0,19.0,19.0,20.0,20.0,16.0,16.0,28.0,28.0,0.0,0.0,0.0,0.0,0.0,0.0,0.0,0.0,0.0,0.0,0.0,0.0,0.0,0.0,0.0,0.0,0.0,0.0,0.0,0.0,0.0,0.0,0.0,0.0,0.0,0.0,0.0,0.0,14.681011
25.0,25.0,8.0,8.0,20.0,20.0,22.0,22.0,25.0,25.0,7.0,7.0,13.0,13.0,21.0,21.0,22.0,22.0,15.0,15.0,27.0,27.0,12.0,12.0,8.0,8.0,23.0,23.0,22.0,22.0,17.0,17.0,9.0,9.0,14.0,14.0,30.0,30.0,18.0,18.0,8.0,8.0,20.0,20.0,11.0,11.0,26.0,26.0,18.0,18.0,19.0,19.0,20.0,20.0,16.0,16.0,28.0,28.0,0.0,0.0,0.0,0.0,0.0,0.0,0.0,0.0,0.0,0.0,0.0,0.0,0.0,0.0,0.0,0.0,0.0,0.0,0.0,0.0,0.0,0.0,0.0,0.0,0.0,0.0,0.0,0.0,13.744809
25.0,25.0,8.0,8.0,20.0,20.0,22.0,22.0,25.0,25.0,7.0,7.0,13.0,13.0,21.0,21.0,22.0,22.0,15.0,15.0,27.0,27.0,12.0,12.0,8.0,8.0,23.0,23.0,22.0,22.0,17.0,17.0,9.0,9.0,14.0,14.0,30.0,30.0,18.0,18.0,8.0,8.0,20.0,20.0,11.0,11.0,26.0,26.0,18.0,18.0,19.0,19.0,20.0,20.0,16.0,16.0,28.0,28.0,0.0,0.0,0.0,0.0,0.0,0.0,0.0,0.0,0.0,0.0,0.0,0.0,0.0,0.0,0.0,0.0,0.0,0.0,0.0,0.0,0.0,0.0,0.0,0.0,0.0,0.0,0.0,0.0,11.995848
25.0,25.0,8.0,8.0,20.0,20.0,22.0,22.0,25.0,25.0,7.0,7.0,13.0,13.0,21.0,21.0,22.0,22.0,15.0,15.0,27.0,27.0,12.0,12.0,8.0,8.0,23.0,23.0,22.0,22.0,17.0,17.0,9.0,9.0,14.0,14.0,30.0,30.0,18.0,18.0,8.0,8.0,20.0,20.0,11.0,11.0,26.0,26.0,18.0,18.0,19.0,19.0,20.0,20.0,16.0,16.0,28.0,28.0,0.0,0.0,0.0,0.0,0.0,0.0,0.0,0.0,0.0,0.0,0.0,0.0,0.0,0.0,0.0,0.0,0.0,0.0,0.0,0.0,0.0,0.0,0.0,0.0,0.0,0.0,0.0,0.0,5.65
25.0,25.0,8.0,8.0,20.0,20.0,22.0,22.0,25.0,25.0,7.0,7.0,13.0,13.0,21.0,21.0,22.0,22.0,15.0,15.0,27.0,27.0,12.0,12.0,8.0,8.0,23.0,23.0,22.0,22.0,17.0,17.0,9.0,9.0,14.0,14.0,30.0,30.0,18.0,18.0,8.0,8.0,20.0,20.0,11.0,11.0,26.0,26.0,18.0,18.0,19.0,19.0,20.0,20.0,16.0,16.0,28.0,28.0,0.0,0.0,0.0,0.0,0.0,0.0,0.0,0.0,0.0,0.0,0.0,0.0,0.0,0.0,0.0,0.0,0.0,0.0,0.0,0.0,0.0,0.0,0.0,0.0,0.0,0.0,0.0,0.0,10.17
25.0,25.0,8.0,8.0,20.0,20.0,22.0,22.0,25.0,25.0,7.0,7.0,13.0,13.0,21.0,21.0,22.0,22.0,15.0,15.0,27.0,27.0,12.0,12.0,8.0,8.0,23.0,23.0,22.0,22.0,17.0,17.0,9.0,9.0,14.0,14.0,30.0,30.0,18.0,18.0,8.0,8.0,20.0,20.0,11.0,11.0,26.0,26.0,18.0,18.0,19.0,19.0,20.0,20.0,16.0,16.0,28.0,28.0,0.0,0.0,0.0,0.0,0.0,0.0,0.0,0.0,0.0,0.0,0.0,0.0,0.0,0.0,0.0,0.0,0.0,0.0,0.0,0.0,0.0,0.0,0.0,0.0,0.0,0.0,0.0,0.0,12.886
25.0,25.0,8.0,8.0,20.0,20.0,22.0,22.0,25.0,25.0,7.0,7.0,13.0,13.0,21.0,21.0,22.0,22.0,15.0,15.0,27.0,27.0,12.0,12.0,8.0,8.0,23.0,23.0,22.0,22.0,17.0,17.0,9.0,9.0,14.0,14.0,30.0,30.0,18.0,18.0,8.0,8.0,20.0,20.0,11.0,11.0,26.0,26.0,18.0,18.0,19.0,19.0,20.0,20.0,16.0,16.0,28.0,28.0,0.0,0.0,0.0,0.0,0.0,0.0,0.0,0.0,0.0,0.0,0.0,0.0,0.0,0.0,0.0,0.0,0.0,0.0,0.0,0.0,0.0,0.0,0.0,0.0,0.0,0.0,0.0,0.0,14.3088
25.0,25.0,8.0,8.0,20.0,20.0,22.0,22.0,25.0,25.0,7.0,7.0,13.0,13.0,21.0,21.0,22.0,22.0,15.0,15.0,27.0,27.0,12.0,12.0,8.0,8.0,23.0,23.0,22.0,22.0,17.0,17.0,9.0,9.0,14.0,14.0,30.0,30.0,18.0,18.0,8.0,8.0,20.0,20.0,11.0,11.0,26.0,26.0,18.0,18.0,19.0,19.0,20.0,20.0,16.0,16.0,28.0,28.0,0.0,0.0,0.0,0.0,0.0,0.0,0.0,0.0,0.0,0.0,0.0,0.0,0.0,0.0,0.0,0.0,0.0,0.0,0.0,0.0,0.0,0.0,0.0,0.0,0.0,0.0,0.0,0.0,14.44704
25.0,25.0,8.0,8.0,20.0,20.0,22.0,22.0,25.0,25.0,7.0,7.0,13.0,13.0,21.0,21.0,22.0,22.0,15.0,15.0,27.0,27.0,12.0,12.0,8.0,8.0,23.0,23.0,22.0,22.0,17.0,17.0,9.0,9.0,14.0,14.0,30.0,30.0,18.0,18.0,8.0,8.0,20.0,20.0,11.0,11.0,26.0,26.0,18.0,18.0,19.0,19.0,20.0,20.0,16.0,16.0,28.0,28.0,0.0,0.0,0.0,0.0,0.0,0.0,0.0,0.0,0.0,0.0,0.0,0.0,0.0,0.0,0.0,0.0,0.0,0.0,0.0,0.0,0.0,0.0,0.0,0.0,0.0,0.0,0.0,0.0,13.5576315
25.0,25.0,8.0,8.0,20.0,20.0,22.0,22.0,25.0,25.0,7.0,7.0,13.0,13.0,21.0,21.0,22.0,22.0,15.0,15.0,27.0,27.0,12.0,12.0,8.0,8.0,23.0,23.0,22.0,22.0,17.0,17.0,9.0,9.0,14.0,14.0,30.0,30.0,18.0,18.0,8.0,8.0,20.0,20.0,11.0,11.0,26.0,26.0,18.0,18.0,19.0,19.0,20.0,20.0,16.0,16.0,28.0,28.0,0.0,0.0,0.0,0.0,0.0,0.0,0.0,0.0,0.0,0.0,0.0,0.0,0.0,0.0,0.0,0.0,0.0,0.0,0.0,0.0,0.0,0.0,0.0,0.0,0.0,0.0,0.0,0.0,11.846106
25.0,25.0,8.0,8.0,20.0,20.0,22.0,22.0,25.0,25.0,7.0,7.0,13.0,13.0,21.0,21.0,22.0,22.0,15.0,15.0,27.0,27.0,12.0,12.0,8.0,8.0,23.0,23.0,22.0,22.0,17.0,17.0,9.0,9.0,14.0,14.0,30.0,30.0,18.0,18.0,8.0,8.0,20.0,20.0,11.0,11.0,26.0,26.0,18.0,18.0,19.0,19.0,20.0,20.0,16.0,16.0,28.0,28.0,0.0,0.0,0.0,0.0,0.0,0.0,0.0,0.0,0.0,0.0,0.0,0.0,0.0,0.0,0.0,0.0,0.0,0.0,0.0,0.0,0.0,0.0,0.0,0.0,0.0,0.0,0.0,0.0,1.0
25.0,25.0,8.0,8.0,20.0,20.0,22.0,22.0,25.0,25.0,7.0,7.0,13.0,13.0,21.0,21.0,22.0,22.0,15.0,15.0,27.0,27.0,12.0,12.0,8.0,8.0,23.0,23.0,22.0,22.0,17.0,17.0,9.0,9.0,14.0,14.0,30.0,30.0,18.0,18.0,8.0,8.0,20.0,20.0,11.0,11.0,26.0,26.0,18.0,18.0,19.0,19.0,20.0,20.0,16.0,16.0,28.0,28.0,0.0,0.0,0.0,0.0,0.0,0.0,0.0,0.0,0.0,0.0,0.0,0.0,0.0,0.0,0.0,0.0,0.0,0.0,0.0,0.0,0.0,0.0,0.0,0.0,0.0,0.0,0.0,0.0,1.0
25.0,25.0,8.0,8.0,20.0,20.0,22.0,22.0,25.0,25.0,7.0,7.0,13.0,13.0,21.0,21.0,22.0,22.0,15.0,15.0,27.0,27.0,12.0,12.0,8.0,8.0,23.0,23.0,22.0,22.0,17.0,17.0,9.0,9.0,14.0,14.0,30.0,30.0,18.0,18.0,8.0,8.0,20.0,20.0,11.0,11.0,26.0,26.0,18.0,18.0,19.0,19.0,20.0,20.0,16.0,16.0,28.0,28.0,0.0,0.0,0.0,0.0,0.0,0.0,0.0,0.0,0.0,0.0,0.0,0.0,0.0,0.0,0.0,0.0,0.0,0.0,0.0,0.0,0.0,0.0,0.0,0.0,0.0,0.0,0.0,0.0,2.0
25.0,25.0,8.0,8.0,20.0,20.0,22.0,22.0,25.0,25.0,7.0,7.0,13.0,13.0,21.0,21.0,22.0,22.0,15.0,15.0,27.0,27.0,12.0,12.0,8.0,8.0,23.0,23.0,22.0,22.0,17.0,17.0,9.0,9.0,14.0,14.0,30.0,30.0,18.0,18.0,8.0,8.0,20.0,20.0,11.0,11.0,26.0,26.0,18.0,18.0,19.0,19.0,20.0,20.0,16.0,16.0,28.0,28.0,0.0,0.0,0.0,0.0,0.0,0.0,0.0,0.0,0.0,0.0,0.0,0.0,0.0,0.0,0.0,0.0,0.0,0.0,0.0,0.0,0.0,0.0,0.0,0.0,0.0,0.0,0.0,0.0,2.6
25.0,25.0,8.0,8.0,20.0,20.0,22.0,22.0,25.0,25.0,7.0,7.0,13.0,13.0,21.0,21.0,22.0,22.0,15.0,15.0,27.0,27.0,12.0,12.0,8.0,8.0,23.0,23.0,22.0,22.0,17.0,17.0,9.0,9.0,14.0,14.0,30.0,30.0,18.0,18.0,8.0,8.0,20.0,20.0,11.0,11.0,26.0,26.0,18.0,18.0,19.0,19.0,20.0,20.0,16.0,16.0,28.0,28.0,0.0,0.0,0.0,0.0,0.0,0.0,0.0,0.0,0.0,0.0,0.0,0.0,0.0,0.0,0.0,0.0,0.0,0.0,0.0,0.0,0.0,0.0,0.0,0.0,0.0,0.0,0.0,0.0,1.0
