Sno,id,delay,jitter,bandwidth
1,0,10592.7,2814.78,164.5
3,0,598.6,63.72,84518.0
19,0,16545.6,633.24,75141.0
5,0,12721.9,2094.92,164.5
22,0,11643.333,1293.7037,148.5
23,0,10082.777,1120.3086,75141.0
7,0,22200.666,14800.444,148.5
11,0,13483.6,1872.24,148.5
14,0,12037.3,144.96,148.5
15,0,14754.7,380.76,84518.0
1,1,402.3,50.7,466.0
3,1,248.9,57.5,84107.5
19,1,407.8,56.0,83914.0
5,1,34.4,4.76,466.0
22,1,355.0,257.0,466.0
23,1,698.3,34.84,83914.0
7,1,603.2,51.0,465.0
11,1,619.4,32.4,465.0
14,1,1249.2,35.2,466.0
15,1,611.8,36.0,84107.5
1,2,442.6,41.6,532.0
3,2,1062.7,40.7,115674.0
19,2,146.5,22.3,104292.0
5,2,305.6,37.0,532.0
22,2,161.6,24.52,458.0
23,2,430.9,39.12,104292.0
7,2,173.9,25.1,459.0
11,2,303.6,38.4,459.0
14,2,202.6,25.8,458.0
15,2,299.9,39.3,115674.0
1,3,930.1,40.5,85.0
3,3,2297.125,574.28125,8311979.0
19,3,105.3,25.88,103847.5
5,3,768.4,58.0,85.0
22,3,524.9,209.94,113.0
23,3,205.6,24.0,103847.5
7,3,119.9,7.86,102.0
11,3,216.14285,92.63265,102.0
14,3,485.0,138.2,113.0
15,3,963.6,39.4,8311979.0
1,4,621.1,39.88,459.0
3,4,2217.5,554.375,1.00454415E7
19,4,87.5,5.3,92708.0
5,4,316.7,39.3,459.0
22,4,483.7,39.96,467.0
23,4,410.6,53.28,92708.0
7,4,112.2,4.04,467.0
11,4,378.3,71.24,467.0
14,4,599.5,45.2,467.0
15,4,576.5,39.9,1.00454415E7
1,5,754.7,45.7,62.0
3,5,2358.0,1010.5714,1.2557076E7
19,5,857.8,34.64,115170.0
5,5,897.5,37.3,62.0
22,5,183.0,31.6,80.0
23,5,103.9,15.88,115170.0
7,5,1140.2,35.8,62.0
11,5,382.0,150.8,62.0
14,5,390.4,27.6,80.0
15,5,1182.1,39.5,1.2557076E7
1,6,377.2,25.84,458.0
3,6,8610.0,34440.0,1.00317005E7
19,6,1422.6,53.08,92690.0
5,6,32.3,4.48,458.0
22,6,263.8,41.64,458.0
23,6,635.8,36.6,92690.0
7,6,937.2,32.0,459.0
11,6,733.1667,488.77777,459.0
14,6,1866.8,60.84,458.0
15,6,453.7,26.7,1.00317005E7
1,7,434.6,39.2,467.0
3,7,2429.0,1041.0,1.00436925E7
19,7,316.6,47.4,92690.0
5,7,1015.9,29.1,467.0
22,7,1078.0,4312.0,458.0
23,7,148.4,21.12,92690.0
7,7,242.0,36.444443,481.0
11,7,193.9,34.1,481.0
14,7,250.3,33.3,458.0
15,7,985.4,50.0,1.00436925E7
1,8,685.1,49.3,146.0
3,8,3454.5,5181.75,1.004668E7
19,8,341.1,43.9,103758.5
5,8,257.6,41.6,146.0
22,8,414.6,53.88,164.5
23,8,367.0,68.0,103758.5
7,8,394.5,67.6,132.0
11,8,308.9,22.5,132.0
14,8,311.6,25.52,164.5
15,8,315.5,47.1,1.004668E7
1,9,303.9,42.3,458.0
3,9,1549.25,387.3125,1.0044485E7
19,9,360.1,37.28,92699.0
5,9,531.4,40.2,458.0
22,9,219.9,115.44,458.0
23,9,694.9,38.52,92699.0
7,9,555.5,47.7,467.0
11,9,1315.9,30.3,467.0
14,9,723.3,30.9,458.0
15,9,376.5,389.6,1.0044485E7
1,10,529.0,41.0,69.0
3,10,2147.5715,920.38776,1.25557265E7
19,10,143.8,42.2,115181.0
5,10,235.6,33.08,69.0
22,10,463.66666,309.1111,90.0
23,10,427.1,46.06,115181.0
7,10,512.9,33.7,69.0
11,10,194.2,33.2,69.0
14,10,288.8,27.0,90.0
15,10,177.7,43.9,1.25557265E7
1,11,249.9,41.7,459.0
3,11,1955.5,488.875,1.0045096E7
19,11,108.9,18.48,92539.5
5,11,475.2,49.8,459.0
22,11,385.8,44.84,458.0
23,11,93.7,8.84,92539.5
7,11,310.875,77.75,458.0
11,11,212.3,33.9,458.0
14,11,883.25,220.8125,458.0
15,11,68.2,33.68,1.0045096E7
1,12,629.4,44.0,402.0
3,12,1681.5,420.375,1.00416365E7
19,12,271.1,43.66,92635.0
5,12,245.9,154.52,402.0
22,12,313.4,36.8,402.0
23,12,209.3,27.24,92635.0
7,12,631.7,45.7,403.0
11,12,749.5714,321.2449,403.0
14,12,1134.5,4538.0,402.0
15,12,404.2,45.0,1.00416365E7
1,13,326.0,51.6,125.0
3,13,2605.4285,1116.6123,1.00471485E7
19,13,246.1,28.48,103706.0
5,13,233.5,122.4,125.0
22,13,626.5,33.7,139.0
23,13,101.7,12.38,103706.0
7,13,116.1,4.74,139.0
11,13,693.3,34.9,139.0
14,13,1429.0,30.2,139.0
15,13,383.2,21.4,1.00471485E7
1,14,170.3,132.16,425.0
3,14,1794.5,448.625,1.00392895E7
19,14,191.7,51.56,104214.0
5,14,127.0,53.6,425.0
22,14,319.1111,40.271606,433.5
23,14,160.9,62.7,104214.0
7,14,460.9,47.26,6299.5
11,14,400.55554,66.82716,6299.5
14,14,749.5,2998.0,433.5
15,14,352.4,26.2,1.00392895E7
1,15,2130.2,40.8,134.0
3,15,5004.0,11676.0,1.255515E7
19,15,233.0,49.8,103911.0
5,15,736.8,71.84,134.0
22,15,808.7,38.3,134.0
23,15,973.8,49.0,103911.0
7,15,117.6,5.24,29741.0
11,15,133.1,12.92,29741.0
14,15,332.7,47.16,134.0
15,15,112.4,33.48,1.255515E7
1,16,669.6,65.0,403.0
3,16,15003.0,135027.0,1.0046734E7
19,16,90.9,6.86,92484.0
5,16,652.7,35.9,403.0
22,16,1147.5,28.1,403.0
23,16,255.8,23.2,92484.0
7,16,324.3,37.84,26862.0
11,16,387.0,33.8,26862.0
14,16,690.9,31.48,403.0
15,16,351.4,57.4,1.0046734E7
1,17,1106.1,61.3,480.0
3,17,7779.0,31116.0,1.0043566E7
19,17,335.6,40.08,104301.0
5,17,463.0,51.2,480.0
22,17,380.5,22.0,540.0
23,17,575.4,56.48,104301.0
7,17,676.5,37.1,26789.0
11,17,123.2,10.04,26789.0
14,17,368.4,29.8,540.0
15,17,323.8,157.48,1.0043566E7
1,18,89.8,34.76,78.0
3,18,2487.375,621.84375,1.25552845E7
19,18,307.6,39.68,103823.0
5,18,344.5,43.9,78.0
22,18,406.3,34.3,62.0
23,18,370.7,45.76,103823.0
7,18,530.6,27.6,29659.5
11,18,394.3,37.04,29659.5
14,18,186.2,59.24,62.0
15,18,326.4,354.96,1.25552845E7
1,19,323.5,30.9,514.0
3,19,100000.0,10000.0,1.25451065E7
19,19,319.5,39.0,115604.0
5,19,653.0,55.2,514.0
22,19,574.2,18.6,504.0
23,19,377.6,47.68,115604.0
7,19,112.9,2.3,33408.0
11,19,117.4,6.16,33408.0
14,19,421.3,25.7,504.0
15,19,387.4,50.8,1.25451065E7
1,20,875.0,29.8,111.0
3,20,2266.0,971.1429,1.00326535E7
19,20,594.44446,67.50617,92351.0
5,20,36.0,4.8,111.0
22,20,501.1,34.9,119.0
23,20,94.8,7.16,92351.0
7,20,176.7,37.7,26428.0
11,20,464.1,39.88,26428.0
14,20,1022.0,4088.0,119.0
15,20,530.6,34.4,1.00326535E7
1,21,623.4,45.0,573.0
3,21,2106.125,526.53125,1.1261397E7
19,21,327.0,38.4,104276.0
5,21,279.2,47.4,573.0
22,21,444.5,34.9,574.0
23,21,401.6,43.88,104276.0
7,21,170.5,51.5,33459.0
11,21,322.0,30.4,33459.0
14,21,377.0,25.4,574.0
15,21,143.3,55.7,1.1261397E7
1,22,424.8,42.8,525.5
3,22,3452.0,5178.0,1.0044909E7
19,22,135.5,26.7,104097.5
5,22,1272.1,56.3,525.5
22,22,336.0,28.6,584.0
23,22,90.9,4.46,104097.5
7,22,328.7,30.1,33459.0
11,22,228.0,29.8,33459.0
14,22,346.0,32.6,584.0
15,22,633.2,28.0,1.0044909E7
1,23,117.5,44.1,91.5
3,23,2587.7144,1109.0204,1.0043753E7
19,23,267.1,49.7,92163.5
5,23,638.8,52.4,91.5
22,23,258.9,150.22,83.0
23,23,437.8,63.0,92163.5
7,23,121.7,9.44,26400.0
11,23,436.2,69.0,26400.0
14,23,670.2,36.64,83.0
15,23,372.9,26.1,1.0043753E7
1,24,200.5,24.7,473.0
3,24,1930.8572,827.5102,1.00270605E7
19,24,239.0,158.6,92690.0
5,24,534.2,45.8,473.0
22,24,820.9,67.94,459.0
23,24,310.5,78.5,92690.0
7,24,180.1,90.96,26767.0
11,24,695.75,1043.625,26767.0
14,24,252.7,30.7,459.0
15,24,105.3,44.1,1.00270605E7
1,25,41.7,9.46,81.0
3,25,2596.8572,1112.9387,1.0045551E7
19,25,99.1,10.76,103634.0
5,25,377.6,60.52,81.0
22,25,358.2,31.4,72.0
23,25,292.6,65.4,103634.0
7,25,449.0,40.2,29669.0
11,25,257.4,122.92,29669.0
14,25,659.8,24.0,72.0
15,25,1023.5,62.0,1.0045551E7
1,26,477.7,26.56,459.0
3,26,1857.75,464.4375,1.0043753E7
19,26,250.8,27.2,92539.0
5,26,291.3,38.9,459.0
22,26,675.9,40.72,458.0
23,26,225.9,29.1,92539.0
7,26,815.6,36.0,26919.0
11,26,176.7,36.1,26919.0
14,26,370.125,108.1875,458.0
15,26,927.1,60.7,1.0043753E7
1,27,1000.1,34.88,412.0
3,27,2632.1428,1128.0613,1.0045124E7
19,27,293.6,34.88,92644.0
5,27,99.9,34.68,412.0
22,27,479.2,38.4,403.0
23,27,200.1,124.74,92644.0
7,27,571.0,35.6,26712.0
11,27,1436.5,957.6667,26712.0
14,27,386.5,34.5,403.0
15,27,410.4,56.4,1.0045124E7
1,28,148.6,81.12,125.0
3,28,1810.5,452.625,1.00155305E7
19,28,246.0,42.4,103706.0
5,28,113.0,55.8,125.0
22,28,245.75,128.8125,149.0
23,28,202.3,62.7,103706.0
7,28,328.8,74.84,33025.0
11,28,261.6,71.6,33025.0
14,28,1269.5,5078.0,149.0
15,28,497.0,189.4,1.00155305E7
1,29,300.1,36.48,532.0
3,29,2459.0,1053.8572,1.0045971E7
19,29,547.0,16.2,104275.5
5,29,900.5,59.9,532.0
22,29,328.9,27.1,515.5
23,29,387.9,52.52,104275.5
7,29,474.8,36.24,30113.0
11,29,154.1,36.74,30113.0
14,29,369.2,15.44,515.5
15,29,549.8,27.4,1.0045971E7
1,30,258.8,63.8,134.0
3,30,2524.5715,1081.9592,1.2554335E7
19,30,266.8,84.76,103886.0
5,30,486.1,48.1,134.0
22,30,369.8,45.4,134.0
23,30,235.2,31.0,103886.0
7,30,366.5,37.8,29731.5
11,30,399.625,178.375,29731.5
14,30,231.71428,99.30612,134.0
15,30,192.0,55.2,1.2554335E7
1,31,294.4,47.2,403.0
3,31,854.44446,124.61729,1.0046358E7
19,31,426.7,56.02,92483.5
5,31,362.3,60.1,403.0
22,31,358.6,36.6,403.0
23,31,224.55556,63.691357,92483.5
7,31,903.0,42.6,26712.0
11,31,558.2,46.16,26712.0
14,31,190.4,41.2,403.0
15,31,383.8,32.44,1.0046358E7
1,32,474.2,275.76,403.0
3,32,1479.625,369.90625,1.0045391E7
19,32,269.3,68.98,92649.0
5,32,304.8,188.44,403.0
22,32,244.11111,46.209877,403.0
23,32,188.7,42.44,92649.0
7,32,393.25,106.25,26676.0
11,32,798.6,30.2,26676.0
14,32,208.7,69.98,403.0
15,32,225.5,40.2,1.0045391E7
1,33,162.9,52.7,125.0
3,33,7406.5,29626.0,1.2553602E7
19,33,466.7,65.76,103886.0
5,33,510.8,43.24,125.0
22,33,408.9,25.9,125.0
23,33,649.6,28.28,103886.0
7,33,282.22223,82.59259,29911.5
11,33,1636.25,2454.375,29911.5
14,33,858.4,26.0,125.0
15,33,636.4,26.2,1.2553602E7
1,34,275.2,76.8,453.5
3,34,1698.8889,188.76543,1.25552425E7
19,34,413.4,54.72,104043.5
5,34,2203.8,62.8,453.5
22,34,231.3,54.16,462.5
23,34,411.1,68.86,104043.5
7,34,228.4,162.72,30050.0
11,34,221.6,37.4,30050.0
14,34,432.7,39.36,462.5
15,34,182.6,191.28,1.25552425E7
1,35,191.8,78.0,158.5
3,35,1415.5,400.75,1.00456065E7
19,35,607.2,34.64,92364.0
5,35,366.4,59.2,158.5
22,35,389.8,47.16,141.0
23,35,229.6,80.56,92364.0
7,35,369.7,71.7,29944.5
11,35,1242.4,1242.4,29944.5
14,35,272.3,88.7,141.0
15,35,756.7,43.9,1.00456065E7
1,36,265.8,63.8,459.0
3,36,1941.5,485.375,1.12984395E7
19,36,245.5,71.6,104277.5
5,36,53.4,15.76,459.0
22,36,196.9,20.08,459.0
23,36,435.8,65.68,104277.5
7,36,182.3,25.7,26767.0
11,36,356.7,42.58,26767.0
14,36,526.2,41.36,459.0
15,36,134.7,88.64,1.12984395E7
1,37,217.2,35.96,515.5
3,37,2327.0,581.75,1.25571395E7
19,37,180.5,26.0,104286.5
5,37,123.7,82.32,515.5
22,37,164.2,5.0,472.0
23,37,254.33333,170.11111,104286.5
7,37,131.4,3.56,26767.0
11,37,528.0,792.0,26767.0
14,37,458.1,44.48,472.0
15,37,279.4,34.08,1.25571395E7
1,38,298.3,38.1,72.0
3,38,2499.2856,1071.1224,1.0048369E7
19,38,710.2,60.92,92136.0
5,38,649.2,25.8,72.0
22,38,325.1,20.5,55.0
23,38,340.6,29.52,92136.0
7,38,179.2,31.8,29659.5
11,38,267.5,39.2,29659.5
14,38,309.1,31.74,55.0
15,38,116.1,59.32,1.0048369E7
1,39,183.9,58.3,481.0
3,39,2105.875,526.46875,1.00427205E7
19,39,356.7,66.3,92691.0
5,39,436.2,74.2,481.0
22,39,252.1,56.7,472.0
23,39,436.1,59.08,92691.0
7,39,1056.8572,452.93878,26724.0
11,39,525.6,53.16,26724.0
14,39,667.0,198.0,472.0
15,39,309.3,51.3,1.00427205E7
1,40,116.8,63.56,69.0
3,40,1461.8889,162.4321,1.25525285E7
19,40,318.8889,56.39506,115181.0
5,40,984.2,57.8,69.0
22,40,633.2,75.76,90.0
23,40,136.5,38.3,115181.0
7,40,937.875,234.46875,3332339.5
11,40,11533.0,46132.0,3332339.5
14,40,301.5,29.1,90.0
15,40,239.2,136.52,1.25525285E7
1,41,108.4,30.4,459.0
3,41,2444.7144,1047.7347,1.00420455E7
19,41,285.6,71.0,92522.0
5,41,388.0,93.8,459.0
22,41,2959.0,11836.0,459.0
23,41,394.8,71.84,92522.0
7,41,212.5,41.5,4609558.0
11,41,19693.0,177237.0,4609558.0
14,41,512.5,78.8,459.0
15,41,1132.6,67.4,1.00420455E7
1,42,489.3,63.1,515.5
3,42,2167.875,541.96875,1.0043899E7
19,42,435.4,25.6,104276.5
5,42,163.3,97.5,515.5
22,42,472.4,188.84,81465.0
23,42,371.0,48.8,104276.5
7,42,138.9,11.52,5759617.0
11,42,22276.0,200484.0,5759617.0
14,42,449.6,45.4,81465.0
15,42,423.5,87.7,1.0043899E7
1,43,537.7,59.84,119.0
3,43,2454.7144,1052.0204,1.0029166E7
19,43,707.7,92.7,92200.0
5,43,546.0,81.2,119.0
22,43,226.1,78.36,66042.0
23,43,386.1,35.46,92200.0
7,43,606.3333,404.22223,4607977.5
11,43,22273.0,200457.0,4607977.5
14,43,693.9,255.92,66042.0
15,43,191.4,92.16,1.0029166E7
1,44,138.5,58.5,459.0
3,44,1620.5,405.125,1.00435895E7
19,44,373.0,118.0,92691.0
5,44,580.8,68.8,459.0
22,44,389.5,67.2,66230.0
23,44,164.1,29.68,92691.0
7,44,365.9,176.88,4605485.0
11,44,9837.5,39350.0,4605485.0
14,44,522.1,87.66,66230.0
15,44,72.2,21.84,1.00435895E7
1,45,481.0,38.6,104.0
3,45,1773.0,443.25,1.2552201E7
19,45,365.9,74.12,115394.0
5,45,277.2,75.8,104.0
22,45,1071.0,2499.0,82508.0
23,45,424.0,74.6,115394.0
7,45,835.2857,357.97958,5759633.5
11,45,9435.0,37740.0,5759633.5
14,45,780.7,72.76,82508.0
15,45,219.3,75.9,1.2552201E7
1,46,422.5,51.3,431.0
3,46,1894.2858,811.83673,1.0043565E7
19,46,515.7,112.5,92511.5
5,46,50.8,5.56,431.0
22,46,237.55556,86.37037,66202.5
23,46,287.0,90.0,92511.5
7,46,438.4,59.92,4609013.0
11,46,7592.25,11388.375,4609013.0
14,46,222.6,34.72,66202.5
15,46,367.3,260.96,1.0043565E7
1,47,384.4,74.2,462.5
3,47,2304.625,576.15625,1.0047529E7
19,47,1415.375,353.84375,104175.0
5,47,154.3,89.42,462.5
22,47,380.1,68.08,74617.0
23,47,127.9,19.64,104175.0
7,47,230.2,84.28,5183536.0
11,47,9699.333,22631.777,5183536.0
14,47,573.1,288.08,74617.0
15,47,651.7,70.9,1.0047529E7
1,48,100.1,49.32,111.0
3,48,2773.1428,1188.4897,1.0049519E7
19,48,841.2,157.64,92351.0
5,48,394.2,63.2,111.0
22,48,430.3,26.5,65891.0
23,48,478.8,92.6,92351.0
7,48,266.9,101.68,4608532.5
11,48,10176.667,23745.555,4608532.5
14,48,235.7,42.56,65891.0
15,48,398.1,90.1,1.0049519E7
1,49,237.8,120.24,403.0
3,49,1492.5555,165.83951,1.0047043E7
19,49,634.0,34.8,92484.0
5,49,810.6,55.32,403.0
22,49,584.0,24.2,66326.0
23,49,435.7,61.04,92484.0
7,49,153.1,15.5,4608467.0
11,49,10267.667,23957.889,4608467.0
14,49,389.1,48.66,66326.0
15,49,751.5,82.7,1.0047043E7
1,50,623.0,34.8,800866.0
3,50,1388.625,347.15625,1.13009835E7
19,50,223.7,60.16,103886.0
5,50,100000.0,10000.0,800866.0
22,50,478.1,74.08,65883.0
23,50,182.8,55.84,103886.0
7,50,428.4,80.72,4630812.0
11,50,26645.0,239805.0,4630812.0
14,50,693.3,77.16,65883.0
15,50,425.5,43.0,1.13009835E7
1,51,207.7,91.24,5484188.0
3,51,1630.125,538.1875,1.0044115E7
19,51,1561.3,100.5,104214.5
5,51,100000.0,10000.0,5484188.0
22,51,324.7,71.68,74466.0
23,51,474.1,83.28,104214.5
7,51,539.5,87.4,5343669.5
11,51,11061.0,44244.0,5343669.5
14,51,1506.9,280.96,74466.0
15,51,736.0,87.0,1.0044115E7
1,52,188.2,79.8,5484188.0
3,52,3674.0,2449.3333,1.25556865E7
19,52,147.5,29.4,104285.5
5,52,100000.0,10000.0,6092992.0
22,52,883.5,220.875,74547.5
23,52,355.0,117.2,104285.5
7,52,600.2,69.36,5936952.0
11,52,11130.5,44522.0,5936952.0
14,52,186.8,65.68,74547.5
15,52,480.6,68.4,1.25556865E7
1,53,52.0,8.6,5484188.0
3,53,2112.7144,905.449,1.0047949E7
19,53,244.0,90.2,92136.0
5,53,100000.0,10000.0,4875443.5
22,53,463.9,57.7,65827.0
23,53,274.0,61.8,92136.0
7,53,505.3,164.64,4750406.0
11,53,10954.5,43818.0,4750406.0
14,53,243.33333,80.296295,65827.0
15,53,175.6,68.68,1.0047949E7
1,54,564.4,82.4,5483879.0
3,54,7181.0,28724.0,1.00433975E7
19,54,317.6,81.96,104223.5
5,54,10072.0,90648.0,5483879.0
22,54,182.2,14.52,82908.0
23,54,533.25,135.5,104223.5
7,54,1128.6,512.36,5936513.0
11,54,22138.0,199242.0,5936513.0
14,54,468.0,22.2,82908.0
15,54,811.8,38.2,1.00433975E7
1,55,1206151.9,18.66,4869281.0
3,55,2731.5715,1170.6735,1.0046468E7
19,55,788.7143,338.02042,92200.0
5,55,100000.0,10000.0,4869281.0
22,55,429.2,51.36,65883.0
23,55,487.1,56.04,92200.0
7,55,391.5,95.8,4747117.0
11,55,22140.0,199260.0,4747117.0
14,55,285.22223,39.098766,65883.0
15,55,390.7,39.1,1.0046468E7
1,56,423.1,75.3,4864941.0
3,56,2232.25,558.0625,1.00422025E7
19,56,409.9,118.94,92487.0
5,56,5787.5,23150.0,4864941.0
22,56,772.1,26.1,66221.5
23,56,399.6,45.2,92487.0
7,56,408.5,50.8,4743491.0
11,56,11057.5,44230.0,4743491.0
14,56,599.25,898.875,66221.5
15,56,166.5,46.3,1.00422025E7
1,57,392.6,158.0,4875212.0
3,57,2160.625,540.15625,1.0046731E7
19,57,564.1,56.64,92691.0
5,57,5753.5,23014.0,4875212.0
22,57,493.0,112.4,66230.5
23,57,203.6,69.88,92691.0
7,57,193.5,27.6,4750440.0
11,57,11077.0,44308.0,4750440.0
14,57,924.5,25.7,66230.5
15,57,291.3,54.3,1.0046731E7
1,58,448.7,75.9,5484199.5
3,58,1484.5,371.125,1.2553169E7
19,58,289.7,70.9,103744.0
5,58,2667.0,2682.6,5484199.5
22,58,578.1667,385.44446,74108.5
23,58,629.9,39.74,103744.0
7,58,554.8,80.88,5343515.0
11,58,22157.0,199413.0,5343515.0
14,58,550.9,226.34,74108.5
15,58,1212.5,97.7,1.2553169E7
1,59,117.5,59.6,4875338.0
3,59,2124.125,531.03125,1.0046969E7
19,59,615.1,208.74,92698.0
5,59,13502.0,121518.0,4875338.0
22,59,514.3333,127.81481,66247.0
23,59,275.2,83.12,92698.0
7,59,572.3,46.18,4750447.0
11,59,11075.0,44300.0,4750447.0
14,59,413.3,155.16,66247.0
15,59,577.3,115.96,1.0046969E7
1,60,549.2,53.4,6093003.0
3,60,2763.5715,1184.3877,1.25555845E7
19,60,305.4,85.12,115359.0
5,60,100000.0,10000.0,6093003.0
22,60,462.5,73.2,82295.0
23,60,280.7,59.1,115359.0
7,60,315.1,57.5,5936881.0
11,60,100000.0,10000.0,5936881.0
14,60,237.1,41.1,82295.0
15,60,124.6,35.08,1.25555845E7
1,61,405.7,76.9,4875425.0
3,61,1985.125,496.28125,1.00441465E7
19,61,428.5,79.9,92539.5
5,61,7189.5,28758.0,4875425.0
22,61,928.7,55.02,66382.0
23,61,231.0,14.8,92539.5
7,61,138.9,7.08,4750305.5
11,61,11065.5,44262.0,4750305.5
14,61,460.7,70.62,66382.0
15,61,507.8,79.0,1.00441465E7
1,62,768.0,84.6,4875425.0
3,62,1781.25,445.3125,1.0044724E7
19,62,482.7,66.42,104223.5
5,62,100000.0,10000.0,5483948.0
22,62,840.8,840.8,82719.0
23,62,584.7,77.36,104223.5
7,62,556.1,134.26,5936568.0
11,62,11052.0,44208.0,5936568.0
14,62,428.1,27.9,82719.0
15,62,223.8,58.2,1.0044724E7
1,63,191.0,68.8,4875425.0
3,63,1712.3334,190.25926,1.00483475E7
19,63,319.0,115.6,92343.0
5,63,100000.0,10000.0,4875443.5
22,63,454.9,74.76,66034.0
23,63,218.7,79.56,92343.0
7,63,589.8571,278.06122,4750429.0
11,63,22039.0,198351.0,4750429.0
14,63,444.4,91.12,66034.0
15,63,63.6,22.56,1.00483475E7
1,64,146.5,48.5,5484042.0
3,64,3262.75,4894.125,1.0045269E7
19,64,717.0,114.77778,2570334.5
5,64,100000.0,10000.0,5484042.0
22,64,184.9,29.44,82533.0
23,64,6765.3335,15785.777,2570334.5
7,64,435.7,134.1,5936546.0
11,64,22124.0,199116.0,5936546.0
14,64,760.6667,507.1111,82533.0
15,64,58.1,17.7,1.0045269E7
1,65,100000.0,10000.0,4871815.0
3,65,1451.8889,161.32098,1.00383905E7
19,65,153.3,34.28,3058776.5
5,65,100000.0,10000.0,4871815.0
22,65,432.1,91.08,66042.0
23,65,7280.8,7280.8,3058776.5
7,65,337.1,75.84,4749841.0
11,65,22177.0,199593.0,4749841.0
14,65,1372.3,77.98,66042.0
15,65,505.6,98.8,1.00383905E7
1,66,27650.2,38.84,4875007.5
3,66,1835.375,458.84375,1.12998425E7
19,66,677.0,49.0,3440682.5
5,66,14426.0,129834.0,4875007.5
22,66,503.3,51.24,66326.0
23,66,38436.0,345924.0,3440682.5
7,66,261.7,36.78,4750446.0
11,66,100000.0,10000.0,4750446.0
14,66,984.875,246.21875,66326.0
15,66,172.6,85.8,1.12998425E7
1,67,366.1,40.1,4875377.0
3,67,1794.25,448.5625,1.00486425E7
19,67,429.8,188.44,3059002.0
5,67,100000.0,10000.0,4875377.0
22,67,1394.5,91.9,66354.0
23,67,37381.0,336429.0,3059002.0
7,67,1212.5,113.1,4750264.0
11,67,100000.0,10000.0,4750264.0
14,67,675.3,106.32,66354.0
15,67,213.6,83.88,1.00486425E7
1,68,285.8,50.6,5478767.5
3,68,3495.1667,2330.111,1.25504505E7
19,68,626.4,76.4,3441074.0
5,68,7182.0,28728.0,5478767.5
22,68,340.5,78.0,74263.0
23,68,100000.0,10000.0,3441074.0
7,68,896.1111,99.5679,5341638.0
11,68,100000.0,10000.0,5341638.0
14,68,860.0,26.4,74263.0
15,68,627.4,64.8,1.25504505E7
1,69,287.8,83.64,4875327.0
3,69,1524.3334,169.37038,1.00446515E7
19,69,252.88889,102.0,3058739.0
5,69,7182.0,28728.0,4875327.0
22,69,979.0,547.2,66175.0
23,69,100000.0,10000.0,3058739.0
7,69,553.3,63.32,4750401.0
11,69,22145.0,199305.0,4750401.0
14,69,207.3,27.76,66175.0
15,69,559.9,96.68,1.00446515E7
1,70,418.6,46.0,5484199.5
3,70,2729.7144,1169.8776,1.25552445E7
19,70,567.2,432.8,3823057.5
5,70,7112.0,28448.0,5484199.5
22,70,354.5,75.2,82553.0
23,70,37854.0,340686.0,3823057.5
7,70,337.9,99.52,5343675.0
11,70,22099.0,198891.0,5343675.0
14,70,1259.5,82.8,82553.0
15,70,505.7,95.5,1.25552445E7
1,71,190.0,65.2,5484199.5
3,71,1776.125,444.03125,1.00482015E7
19,71,375.7,90.22,3059141.0
5,71,100000.0,10000.0,5484176.0
22,71,475.3,79.52,66239.0
23,71,37524.0,337716.0,3059141.0
7,71,691.4,159.68,5343395.0
11,71,11088.5,44354.0,5343395.0
14,71,2850.8,106.12,66239.0
15,71,752.4,43.92,1.00482015E7
1,72,77.6,21.92,6093038.0
3,72,1798.125,449.53125,1.12982575E7
19,72,527.1,77.06,3440595.0
5,72,14339.0,129051.0,6093038.0
22,72,423.9,60.46,82988.0
23,72,8534.5,12801.75,3440595.0
7,72,1219.0,116.6,5936581.0
11,72,22174.0,199566.0,5936581.0
14,72,543.5,117.9,82988.0
15,72,584.5,98.4,1.12982575E7
1,73,153.7,52.36,4875499.0
3,73,1520.3334,168.92592,1.0043476E7
19,73,760.6,78.4,3058904.5
5,73,14321.0,128889.0,4875499.0
22,73,229.8,35.4,65827.0
23,73,17725.0,70900.0,3058904.5
7,73,596.9,81.16,4750401.0
11,73,11021.5,44086.0,4750401.0
14,73,846.8,62.12,65827.0
15,73,480.3,123.24,1.0043476E7
1,74,318.1,78.1,5484188.0
3,74,1911.0,477.75,1.0045709E7
19,74,937.6,80.12,3440594.5
5,74,14288.0,128592.0,5484188.0
22,74,431.8,149.68,74679.5
23,74,100000.0,10000.0,3440594.5
7,74,375.3,119.04,5343516.0
11,74,10991.5,43966.0,5343516.0
14,74,885.3,181.32,74679.5
15,74,370.1,109.88,1.0045709E7
1,75,311.6,68.48,4875301.0
3,75,1777.375,444.34375,1.00446535E7
19,75,760.3,95.84,3059183.0
5,75,100000.0,10000.0,4875301.0
22,75,1039.8,19.6,65827.0
23,75,12087.333,28203.777,3059183.0
7,75,438.2,16.6,4750437.0
11,75,22220.0,199980.0,4750437.0
14,75,482.7,25.1,65827.0
15,75,490.8,91.2,1.00446535E7
1,76,133.8,42.72,5483277.0
3,76,2485.0,621.25,1.255048E7
19,76,275.1,70.9,3822659.0
5,76,100000.0,10000.0,5483277.0
22,76,383.22223,138.7037,82798.0
23,76,36385.0,327465.0,3822659.0
7,76,1203.5,111.9,5343356.5
11,76,11108.0,44432.0,5343356.5
14,76,522.1,87.5,82798.0
15,76,589.6,62.28,1.255048E7
1,77,184.5,60.0,4875231.5
3,77,1971.8334,1411.0,1.0043933E7
19,77,437.1,80.12,3059023.0
5,77,6971.5,27886.0,4875231.5
22,77,1229.1,70.1,66390.0
23,77,35964.0,323676.0,3059023.0
7,77,1555.0,185.0,4750467.0
11,77,11006.5,44026.0,4750467.0
14,77,779.6,26.4,66390.0
15,77,611.6,77.8,1.0043933E7
1,78,475.9,63.34,6092862.0
3,78,1482.2222,164.69136,1.2555573E7
19,78,1002.1,97.08,3823014.0
5,78,215.4,87.6,6092862.0
22,78,1140.9,176.98,82165.0
23,78,100000.0,10000.0,3823014.0
7,78,183.1,27.34,5936530.0
11,78,22240.0,200160.0,5936530.0
14,78,2735.8,119.2,82165.0
15,78,779.0,359.0,1.2555573E7
1,79,315.7,44.56,6092862.0
3,79,2356.2856,1009.83673,1.00421425E7
19,79,530.4,113.52,3058658.5
5,79,4734.0,42606.0,4875461.0
22,79,241.8,74.08,66382.0
23,79,4510.2,4510.2,3058658.5
7,79,424.55554,97.888885,4750317.5
11,79,11056.0,44224.0,4750317.5
14,79,289.0,45.0,66382.0
15,79,706.5,79.4,1.00421425E7
1,80,223.7,98.3,6093016.0
3,80,1694.625,423.65625,1.1296238E7
19,80,244.0,64.0,3440781.0
5,80,100000.0,10000.0,6093016.0
22,80,469.6,91.56,82364.0
23,80,9817.0,22906.334,3440781.0
7,80,371.4,138.4,5936725.0
11,80,10970.0,43880.0,5936725.0
14,80,586.2,104.52,82364.0
15,80,306.3,50.44,1.1296238E7
1,81,514.6,110.4,4875355.0
3,81,2203.125,550.78125,1.00460295E7
19,81,1761.8,412.4,3058699.5
5,81,100000.0,10000.0,4875355.0
22,81,552.2,416.04,66175.0
23,81,100000.0,10000.0,3058699.5
7,81,1868.0,1868.0,4750441.0
11,81,11059.0,44236.0,4750441.0
14,81,2827.6,184.84,66175.0
15,81,1377.3,90.56,1.00460295E7
1,82,23793.9,76.92,5484005.0
3,82,100000.0,10000.0,1.0038033E7
19,82,473.9,49.14,3440857.5
5,82,3642.5,14570.0,5484005.0
22,82,225.8,43.56,82739.0
23,82,6929.0,10393.5,3440857.5
7,82,676.3,68.84,5936873.0
11,82,100000.0,10000.0,5936873.0
14,82,539.6,104.4,82739.0
15,82,230.4,88.6,1.0038033E7
1,83,449.0,91.6,4875320.0
3,83,20111.25,30166.875,1.00403665E7
19,83,462.3,73.36,3058850.0
5,83,7306.0,65754.0,4875320.0
22,83,1029.2,126.0,65883.0
23,83,6885.25,10327.875,3058850.0
7,83,1424.1,153.7,4750132.0
11,83,11027.5,44110.0,4750132.0
14,83,654.6,380.48,65883.0
15,83,450.3,171.24,1.00403665E7
1,84,328.3,81.64,4360435.0
3,84,80620.0,725580.0,1.0043407E7
19,84,703.2,126.12,3441108.0
5,84,3731.5,14926.0,4360435.0
22,84,500.2,223.56,82746.0
23,84,15589.5,62358.0,3441108.0
7,84,522.4,522.4,5831500.0
11,84,11061.0,44244.0,5831500.0
14,84,1216.9,195.68,82746.0
15,84,107.7,57.84,1.0043407E7
1,85,772.1,92.68,4875452.0
3,85,2669.25,667.3125,1.0040434E7
19,85,202.5,74.4,3058772.5
5,85,3595.5,14382.0,4875452.0
22,85,361.6,45.56,65883.0
23,85,6347.5,4231.6665,3058772.5
7,85,440.375,169.125,4750249.0
11,85,11128.0,44512.0,4750249.0
14,85,1275.6,60.24,65883.0
15,85,3175.1,98.88,1.0040434E7
1,86,100000.0,10000.0,5479627.5
3,86,3372.1428,1445.2041,1.25452555E7
19,86,227.7,43.76,3440829.5
5,86,7378.0,66402.0,5479627.5
22,86,508.2,23.8,74616.5
23,86,40387.0,363483.0,3440829.5
7,86,378.3,122.44,5342673.5
11,86,22288.0,200592.0,5342673.5
14,86,437.2,206.96,74616.5
15,86,547.9,79.7,1.25452555E7
1,87,100000.0,10000.0,4868570.0
3,87,1453.7,138.7,466.0
19,87,426.2,49.12,3059105.5
5,87,100000.0,10000.0,4868570.0
22,87,1920.5,108.9,66247.5
23,87,9415.25,14122.875,3059105.5
7,87,497.1,87.06,4746582.0
11,87,11173.5,44694.0,4746582.0
14,87,506.6,119.88,66247.5
15,87,214.1,68.9,466.0
1,88,100000.0,10000.0,5484168.0
3,88,735.6,44.8,69.0
19,88,321.2,122.0,3822914.5
5,88,7390.0,66510.0,5484168.0
22,88,656.2,113.8,82484.0
23,88,5988.4,6091.44,3822914.5
7,88,1141.6,97.44,5343642.0
11,88,22323.0,200907.0,5343642.0
14,88,682.2,88.44,82484.0
15,88,95.0,33.2,69.0
1,89,100000.0,10000.0,5484034.5
3,89,335.5,90.8,583.0
19,89,915.2222,143.37038,3440840.0
5,89,100000.0,10000.0,5484034.5
22,89,799.0,1864.3334,66098.0
23,89,12328.667,28766.889,3440840.0
7,89,445.9,128.34,4750174.0
11,89,11182.0,44728.0,4750174.0
14,89,1002.75,1504.125,66098.0
15,89,811.5,112.5,583.0
1,90,100000.0,10000.0,5484217.0
3,90,289.6,43.28,55.0
19,90,312.5,115.8,3440846.5
5,90,100000.0,10000.0,5484217.0
22,90,190.1,30.14,82319.0
23,90,38714.0,348426.0,3440846.5
7,90,574.9,90.76,5936880.0
11,90,11144.5,44578.0,5936880.0
14,90,656.2,128.28,82319.0
15,90,557.9,95.52,55.0
1,91,3417.9,38.3,4875212.0
3,91,152.7,64.16,475.0
19,91,1089.75,294.5625,3058547.5
5,91,100000.0,10000.0,4875212.0
22,91,263.5,44.6,66382.0
23,91,37273.0,335457.0,3058547.5
7,91,786.6,198.4,4750206.0
11,91,11070.0,44280.0,4750206.0
14,91,414.0,76.4,66382.0
15,91,567.0,73.0,475.0
1,92,288.0,99.6,5480313.5
3,92,396.0,59.4,467.0
19,92,711.1,100.46,3440599.0
5,92,100000.0,10000.0,5480313.5
22,92,599.8,68.48,82722.0
23,92,12624.667,29457.555,3440599.0
7,92,250.3,45.38,5936578.0
11,92,11084.5,44338.0,5936578.0
14,92,790.8333,527.2222,82722.0
15,92,206.8,87.16,467.0
1,93,244.5,71.0,4875348.0
3,93,359.9,140.7,111.0
19,93,880.6,225.88,3058410.0
5,93,7312.0,65808.0,4875348.0
22,93,1347.3,175.5,66042.0
23,93,12452.333,29055.445,3058410.0
7,93,239.6,47.4,4750135.0
11,93,22254.0,200286.0,4750135.0
14,93,1409.8,19.8,66042.0
15,93,188.4,63.32,111.0
1,94,269.2,54.44,4868702.0
3,94,701.1,48.28,467.0
19,94,906.2222,165.65433,3058613.0
5,94,3571.5,14286.0,4868702.0
22,94,271.9,46.46,66088.0
23,94,39221.0,352989.0,3058613.0
7,94,788.3,36.62,4746826.0
11,94,22280.0,200520.0,4746826.0
14,94,309.9,61.08,66088.0
15,94,122.5,47.9,467.0
1,95,126.8,63.72,4875320.0
3,95,930.0,112.4,119.0
19,95,271.44446,106.77778,3058827.0
5,95,100000.0,10000.0,4875320.0
22,95,391.9,154.52,66034.0
23,95,17351.5,69406.0,3058827.0
7,95,358.6,151.4,4750429.0
11,95,11120.0,44480.0,4750429.0
14,95,1276.0,166.0,66034.0
15,95,430.4,53.8,119.0
1,96,215.4,52.52,6093070.0
3,96,325.4,110.0,453.5
19,96,979.625,250.09375,3441092.5
5,96,100000.0,10000.0,6093070.0
22,96,519.125,132.96875,82697.0
23,96,10327.667,24097.889,3441092.5
7,96,697.625,218.09375,5936572.0
11,96,11166.0,44664.0,5936572.0
14,96,377.9,134.72,82697.0
15,96,515.7,79.96,453.5
1,97,196.1,49.88,4873784.5
3,97,1016.9,169.9,453.5
19,97,474.33334,118.55556,3440306.0
5,97,2971.3333,6933.1113,4873784.5
22,97,617.0,95.0,66230.0
23,97,17739.0,70956.0,3440306.0
7,97,950.2,95.88,4750119.0
11,97,22328.0,200952.0,4750119.0
14,97,1247.75,1871.625,66230.0
15,97,688.9,173.1,453.5
1,98,296.4,115.0,6092862.0
3,98,173.2,111.08,125.0
19,98,869.5,129.0,3440863.0
5,98,100000.0,10000.0,6092862.0
22,98,417.625,180.34375,82364.0
23,98,12006.667,28015.555,3440863.0
7,98,571.9,115.54,5936714.0
11,98,22357.0,201213.0,5936714.0
14,98,1665.0,713.5714,82364.0
15,98,251.1,104.72,125.0
1,99,307.4,85.8,6092862.0
3,99,168.0,50.0,472.5
19,99,197.6,29.4,3441005.0
5,99,8953.0,80577.0,4875461.0
22,99,1970.9,36.08,66229.0
23,99,7351.0,7351.0,3441005.0
7,99,974.5,838.6,5936714.0
11,99,100000.0,10000.0,4750100.0
14,99,1138.25,1707.375,66229.0
15,99,124.2,45.24,472.5
1,100,201.5,53.1,6092862.0
3,100,283.8,150.64,144.0
19,100,1760.4286,754.46936,3440852.0
5,100,100000.0,10000.0,6092862.0
22,100,720.0,189.8,82574.0
23,100,20392.0,81568.0,3440852.0
7,100,557.2,143.88,5936870.0
11,100,100000.0,10000.0,5936870.0
14,100,252.9,35.86,82574.0
15,100,203.0,87.2,144.0
1,101,174.6,87.6,4875365.0
3,101,247.8,64.96,403.0
19,101,805.3,129.58,3058824.0
5,101,8939.0,80451.0,4875365.0
22,101,602.7,97.38,66023.0
23,101,41186.0,370674.0,3058824.0
7,101,512.0,222.0,4750429.0
11,101,22275.0,200475.0,4750429.0
14,101,563.2,108.24,66023.0
15,101,173.8,68.0,403.0
1,102,255.6,104.72,5483999.0
3,102,237.1,84.3,458.0
19,102,282.8,56.84,3441088.0
5,102,100000.0,10000.0,5483999.0
22,102,536.2,104.76,82955.0
23,102,9451.75,14177.625,3441088.0
7,102,350.3,64.98,5936959.0
11,102,22356.0,201204.0,5936959.0
14,102,697.44446,152.48148,82955.0
15,102,483.4,87.4,458.0
1,103,678.3,80.3,5483999.0
3,103,107.1,25.12,64.0
19,103,527.1111,175.60493,3058889.5
5,103,3122.0,7284.6665,4875443.5
22,103,656.7,81.22,65835.5
23,103,8863.0,8863.0,3058889.5
7,103,243.8,18.64,4750099.0
11,103,11173.5,44694.0,4750099.0
14,103,1128.8,1128.8,65835.5
15,103,225.9,65.74,64.0
1,104,747.7,101.62,5484018.5
3,104,231.6,93.88,475.0
19,104,1114.0,310.0,3440986.5
5,104,100000.0,10000.0,5484018.5
22,104,1027.25,1540.875,82900.0
23,104,45905.0,413145.0,3440986.5
7,104,358.9,128.68,5936526.0
11,104,100000.0,10000.0,5936526.0
14,104,1604.8,1604.8,82900.0
15,104,685.5,72.5,475.0
1,105,777.7,110.56,5484018.5
3,105,199.6,95.32,72.0
19,105,441.3,114.58,3059051.0
5,105,9504.0,85536.0,4875292.0
22,105,327.3,83.42,2180.0
23,105,8193.8,8193.8,3059051.0
7,105,1552.0,665.1429,4750449.0
11,105,22555.0,202995.0,4750449.0
14,105,693.4,161.96,2180.0
15,105,669.2,138.16,72.0
1,106,204.2,73.16,4875461.0
3,106,701.3,114.84,516.5
19,106,353.6,159.64,3440439.0
5,106,2722.25,4083.375,4875461.0
22,106,494.9,158.12,467.0
23,106,45083.0,405747.0,3440439.0
7,106,512.2,401.88,4750456.0
11,106,22417.0,201753.0,4750456.0
14,106,768.5,86.5,467.0
15,106,579.1,314.32,516.5
1,107,599.3,114.9,4875355.0
3,107,219.0,117.6,467.0
19,107,767.8,110.48,3058835.0
5,107,5669.0,22676.0,4875355.0
22,107,861.8333,574.55554,458.0
23,107,19639.0,78556.0,3058835.0
7,107,1171.6,254.4,4750450.0
11,107,22490.0,202410.0,4750450.0
14,107,397.5,78.0,458.0
15,107,349.1,91.88,467.0
1,108,332.2,102.96,4875355.0
3,108,185.3,60.24,149.0
19,108,971.4,85.16,3440650.5
5,108,100000.0,10000.0,5484156.0
22,108,1959.5,2939.25,134.0
23,108,14438.667,33690.223,3440650.5
7,108,1185.9,104.7,5343701.0
11,108,11134.0,44536.0,5343701.0
14,108,797.8,87.44,134.0
15,108,234.9,120.1,149.0
1,109,239.1,89.88,4875365.0
3,109,156.9,72.48,459.0
19,109,1428.2,46.56,3058756.0
5,109,100000.0,10000.0,4875365.0
22,109,387.0,75.8,458.0
23,109,4251.6665,2834.4443,3058756.0
7,109,479.6,164.88,4750484.0
11,109,22464.0,202176.0,4750484.0
14,109,640.5,83.8,458.0
15,109,437.7,88.3,459.0
1,110,207.2,87.24,4833352.0
3,110,365.1,61.9,90.0
19,110,772.1,285.48,3822645.0
5,110,3705.0,8645.0,4833352.0
22,110,2121.6667,4950.5557,80.0
23,110,12062.333,28145.445,3822645.0
7,110,422.8,212.0,5356687.0
11,110,11317.5,45270.0,5356687.0
14,110,450.0,116.6,80.0
15,110,274.8,140.76,90.0
1,111,522.9,184.1,4871139.0
3,111,276.7,123.84,459.0
19,111,1008.4,190.44,3059005.5
5,111,100000.0,10000.0,4871139.0
22,111,1191.5,345.875,458.0
23,111,11363.667,26515.223,3059005.5
7,111,517.6667,345.1111,4748930.0
11,111,10993.5,43974.0,4748930.0
14,111,1390.3334,154.48148,458.0
15,111,239.6,78.08,459.0
1,112,763.3,82.96,6092836.0
3,112,195.3,63.16,453.5
19,112,818.1,151.92,3440622.5
5,112,5825.0,23300.0,6092836.0
22,112,659.5,144.9,514.0
23,112,11479.0,26784.334,3440622.5
7,112,575.7,132.58,5936703.0
11,112,22386.0,201474.0,5936703.0
14,112,861.9,80.36,514.0
15,112,675.0,87.6,453.5
1,113,285.1,103.52,6092836.0
3,113,895.3,281.9,119.0
19,113,943.0,317.44446,3059098.5
5,113,100000.0,10000.0,4875443.5
22,113,1447.2,76.52,111.0
23,113,17828.0,71312.0,3059098.5
7,113,1461.5,128.6,4750437.0
11,113,22289.0,200601.0,4750437.0
14,113,1591.75,2387.625,111.0
15,113,437.0,70.8,119.0
1,114,986.6,181.0,6093094.0
3,114,827.3,126.7,516.0
19,114,351.9,130.26,3440950.0
5,114,5864.5,23458.0,6093094.0
22,114,931.1,176.32,584.0
23,114,33588.0,302292.0,3440950.0
7,114,852.1429,405.97958,5936928.0
11,114,22191.0,199719.0,5936928.0
14,114,758.3,109.82,584.0
15,114,463.7,72.3,516.0
1,115,613.2,114.2,4875348.0
3,115,677.4,195.0,119.0
19,115,909.4,306.0,3058596.0
5,115,5848.0,23392.0,4875348.0
22,115,269.2,47.76,111.0
23,115,6164.8,6164.8,3058596.0
7,115,1451.7,169.16,4750430.0
11,115,100000.0,10000.0,4750430.0
14,115,1427.9,54.94,111.0
15,115,133.3,70.96,119.0
1,116,500.7,219.1,5480295.0
3,116,208.0,87.6,513.0
19,116,1808.6666,886.0741,3440572.0
5,116,1822.25,2733.375,5480295.0
22,116,1830.6,21.2,411.0
23,116,7152.8,7152.8,3440572.0
7,116,2026.3,19.3,4749834.0
11,116,22238.0,200142.0,4749834.0
14,116,3171.8,291.4,411.0
15,116,1250.2,206.16,513.0
1,117,190.2,64.64,4875374.0
3,117,402.4,104.4,459.0
19,117,591.2,206.6,3058661.0
5,117,100000.0,10000.0,4875374.0
22,117,534.5,136.6,458.0
23,117,4124.3335,2766.7778,3058661.0
7,117,1300.875,338.75,4750148.0
11,117,22308.0,200772.0,4750148.0
14,117,458.7,208.64,458.0
15,117,216.5,61.9,459.0
1,118,355.3,164.1,4874894.5
3,118,161.7,56.04,62.0
19,118,810.0,161.6,3440720.5
5,118,13159.0,52636.0,4874894.5
22,118,777.7143,387.7551,55.0
23,118,11399.667,26599.223,3440720.5
7,118,800.4286,409.7755,4749949.5
11,118,11152.5,44610.0,4749949.5
14,118,512.0,44.4,55.0
15,118,610.5,70.7,62.0
1,119,100000.0,10000.0,4875337.0
3,119,531.6,114.2,411.0
19,119,672.7,65.96,3058790.0
5,119,18847.0,169623.0,4875337.0
22,119,597.9,145.1,403.0
23,119,35864.0,322776.0,3058790.0
7,119,1301.5,162.3,4750447.0
11,119,22433.0,201897.0,4750447.0
14,119,467.4,183.48,403.0
15,119,314.7,96.1,411.0
1,120,19602.0,115.6,5484319.5
3,120,2419.6,140.32,139.0
19,120,1020.8,15.6,3823178.5
5,120,100000.0,10000.0,5484319.5
22,120,1019.8,357.4,149.0
23,120,4556.0,3068.3333,3823178.5
7,120,790.3,138.52,5343516.0
11,120,22404.0,201636.0,5343516.0
14,120,911.8,18.6,149.0
15,120,133.1,55.12,139.0
1,121,192.3,54.64,5484076.5
3,121,739.0,85.4,467.0
19,121,465.6,113.84,3058662.5
5,121,7163.5,28654.0,5484076.5
22,121,728.4,123.72,467.0
23,121,10337.75,15506.625,3058662.5
7,121,821.4,465.88,5343507.0
11,121,100000.0,10000.0,5343507.0
14,121,1303.8,141.56,467.0
15,121,442.0,58.0,467.0
1,122,598.2,106.64,225533.0
3,122,383.7,85.36,573.0
19,122,707.3,188.72,3822770.5
5,122,129.6,51.76,225533.0
22,122,1159.9,110.66,573.0
23,122,20487.0,81948.0,3822770.5
7,122,626.6,142.0,3810044.5
11,122,10126.333,23628.111,3810044.5
14,122,834.8,95.96,573.0
15,122,448.6,153.52,573.0
1,123,164.3,46.84,72.0
3,123,335.2,107.36,55.0
19,123,578.6,122.28,3058890.5
5,123,464.2,101.16,72.0
22,123,822.8,101.96,55.0
23,123,20134.5,80538.0,3058890.5
7,123,284.9,48.5,4608668.5
11,123,16838.0,67352.0,4608668.5
14,123,427.5,79.2,55.0
15,123,300.4,84.92,55.0
1,124,326.9,124.9,515.5
3,124,193.8,110.76,458.0
19,124,1859.1,577.68,3440758.0
5,124,94.4,15.72,515.5
22,124,1160.0,391.8,525.5
23,124,11090.333,25877.445,3440758.0
7,124,1183.3,1306.82,5184263.5
11,124,15577.0,62308.0,5184263.5
14,124,3937.8,121.96,525.5
15,124,1332.1,1504.16,458.0
1,125,377.0,76.0,55.0
3,125,190.2,76.0,72.0
19,125,317.7,79.76,3440935.0
5,125,340.6,87.48,55.0
22,125,2998.0,6995.3335,55.0
23,125,36670.0,330030.0,3440935.0
7,125,2901.25,4351.875,4608824.5
11,125,4506.3335,3004.2222,4608824.5
14,125,965.5,170.9,55.0
15,125,212.7,66.44,72.0
1,126,433.2,92.64,516.5
3,126,327.5,68.4,458.0
19,126,511.77777,162.2963,3440552.0
5,126,393.6,167.2,516.5
22,126,3274.5,13098.0,572.0
23,126,36698.0,330282.0,3440552.0
7,126,1001.7,21.1,5759106.5
11,126,7248.2,7248.2,5759106.5
14,126,4181.0,16724.0,572.0
15,126,712.6,180.0,458.0
1,127,299.2,80.32,515.0
3,127,588.1,79.9,514.0
19,127,577.2,203.56,3822883.5
5,127,274.1,127.92,515.0
22,127,706.8,151.36,504.0
23,127,19410.5,77642.0,3822883.5
7,127,524.4,266.48,5759887.5
11,127,8373.5,12560.25,5759887.5
14,127,1247.8889,212.30864,504.0
15,127,478.0,291.4,514.0
1,128,169.3,53.62,111.0
3,128,207.3,45.36,111.0
19,128,777.55554,366.66666,3058729.0
5,128,170.3,54.62,111.0
22,128,1093.8,1093.8,128.0
23,128,8953.6,8953.6,3058729.0
7,128,3545.0,244.4,4608867.5
11,128,19736.0,78944.0,4608867.5
14,128,475.3,72.36,128.0
15,128,1186.5,146.2,111.0
1,129,619.2,92.28,467.0
3,129,721.1,165.5,459.0
19,129,609.44446,165.69136,459.0
5,129,258.5,73.1,467.0
22,129,1031.9,82.76,459.0
23,129,1481.1,219.28,459.0
7,129,482.4,64.92,2942636.5
11,129,1395.0,930.0,2942636.5
14,129,759.1,114.44,459.0
15,129,245.4,154.88,459.0
1,130,306.8,116.84,111.0
3,130,136.3,54.22,125.0
19,130,310.7,110.12,125.0
5,130,531.9,248.3,111.0
22,130,702.4286,542.9184,111.0
23,130,210.4,41.4,125.0
7,130,777.1,88.42,26420.0
11,130,803.1,154.76,26420.0
14,130,1181.1,138.02,111.0
15,130,511.7,293.98,125.0
1,131,832.1,322.5,453.5
3,131,190.5,84.9,453.5
19,131,755.1,216.84,403.0
5,131,210.5,103.7,453.5
22,131,703.3,167.44,453.5
23,131,553.5,128.0,403.0
7,131,737.2,44.48,30202.0
11,131,754.9,142.44,30202.0
14,131,3126.5,12506.0,453.5
15,131,642.9,388.5,453.5
1,132,721.0,127.8,402.0
3,132,494.1,170.12,403.0
19,132,842.1,188.64,403.0
5,132,239.0,106.2,402.0
22,132,1599.4,28.0,411.0
23,132,915.0,709.6,403.0
7,132,1178.3,182.5,26711.0
11,132,969.9,157.04,26711.0
14,132,419.2,135.8,411.0
15,132,489.9,116.7,403.0
1,133,507.3,302.82,125.0
3,133,174.3,72.96,134.0
19,133,929.9,385.34,111.0
5,133,131.8,30.36,125.0
22,133,1045.7,150.38,111.0
23,133,597.7,80.56,111.0
7,133,874.3,245.7,26420.0
11,133,557.8,206.56,26420.0
14,133,971.3,55.62,111.0
15,133,550.1,298.9,134.0
1,134,384.6,121.92,411.0
3,134,123.3,34.7,403.0
19,134,1227.0,240.2,412.0
5,134,495.4,225.48,411.0
22,134,730.7,153.88,411.0
23,134,472.9,105.52,412.0
7,134,881.9,34.9,11298.0
11,134,791.3,177.32,11298.0
14,134,939.9,19.9,411.0
15,134,285.7,292.86,403.0
1,135,535.2,100.08,119.0
3,135,408.4,188.0,111.0
19,135,661.0,118.8,119.0
5,135,636.0,174.4,119.0
22,135,749.3,216.1,111.0
23,135,995.3,169.3,119.0
7,135,696.0,157.2,111.0
11,135,762.8,196.24,111.0
14,135,768.8333,512.55554,111.0
15,135,116.3,32.7,111.0
1,136,153.2,48.8,403.0
3,136,451.8,348.64,403.0
19,136,602.8,206.88,403.0
5,136,262.2,106.44,403.0
22,136,525.2,172.84,403.0
23,136,1171.25,548.5625,403.0
7,136,754.6,120.96,403.0
11,136,951.5,224.0,403.0
14,136,2045.2858,876.551,403.0
15,136,188.7,76.84,403.0
1,137,259.1,88.12,573.0
3,137,590.6,248.4,525.5
19,137,507.4,89.56,459.0
5,137,346.3,156.1,573.0
22,137,5497.5,21990.0,515.5
23,137,1047.4,456.6,459.0
7,137,2191.25,3286.875,573.0
11,137,628.7,298.36,573.0
14,137,843.4,257.76,515.5
15,137,733.5,121.2,525.5
1,138,598.4,370.0,55.0
3,138,406.2,93.96,55.0
19,138,533.9,262.26,55.0
5,138,154.6,33.08,55.0
22,138,1371.3334,3199.7778,55.0
23,138,762.3,302.64,55.0
7,138,622.4,237.68,55.0
11,138,478.4,144.0,55.0
14,138,613.6,43.0,55.0
15,138,917.5,367.9,55.0
1,139,274.7,138.9,458.0
3,139,309.5,175.6,467.0
19,139,1068.9,209.16,467.0
5,139,686.7,82.84,458.0
22,139,611.8,159.0,458.0
23,139,771.75,266.0,467.0
7,139,1659.3334,488.44446,458.0
11,139,820.7,197.1,458.0
14,139,853.0,214.8,458.0
15,139,916.5,157.3,467.0
1,140,234.4,110.76,62.0
3,140,495.2,154.2,62.0
19,140,343.5,114.3,64.0
5,140,1590.3,129.5,62.0
22,140,937.1,189.16,72.0
23,140,284.5,103.2,64.0
7,140,502.6,215.12,62.0
11,140,1695.5,423.875,62.0
14,140,854.1,123.12,72.0
15,140,449.1,222.7,62.0
1,141,849.6,210.8,515.5
3,141,2450.6,135.68,459.0
19,141,531.1,195.12,458.0
5,141,718.1,268.7,515.5
22,141,623.8,176.04,459.0
23,141,1222.2,232.88,458.0
7,141,4698.7,106.74,516.0
11,141,1129.3,16.7,516.0
14,141,634.2,245.84,459.0
15,141,168.9,70.88,459.0
1,142,331.8,72.52,459.0
3,142,2091.2,197.4,458.0
19,142,563.8,135.44,458.0
5,142,688.5,96.2,459.0
22,142,1283.2,183.04,459.0
23,142,1127.8,221.88,458.0
7,142,933.8,372.36,459.0
11,142,539.0,146.6,459.0
14,142,617.3,217.98,459.0
15,142,1335.4,123.12,458.0
1,143,164.8,33.16,111.0
3,143,218.0,83.4,119.0
19,143,951.8,267.2,119.0
5,143,1474.6,582.12,111.0
22,143,2889.8,22.2,111.0
23,143,806.5,167.8,119.0
7,143,452.7,105.44,119.0
11,143,2466.6667,5755.5557,119.0
14,143,673.2,269.24,111.0
15,143,178.4,78.08,119.0
1,144,527.1,140.52,515.5
3,144,230.2,75.48,573.0
19,144,1734.4,404.4,516.5
5,144,718.5,191.7,515.5
22,144,3846.2,260.08,467.0
23,144,2998.8,647.6,516.5
7,144,1029.6,251.24,459.0
11,144,1489.7,207.92,459.0
14,144,1426.4,22.2,467.0
15,144,988.3,219.04,573.0
1,145,293.4,139.36,77.0
3,145,139.1,65.74,85.0
19,145,1350.5,325.0,77.0
5,145,3820.7,203.9,77.0
22,145,1775.25,2662.875,77.0
23,145,1167.1,218.68,77.0
7,145,3297.5,4946.25,77.0
11,145,412.6,68.76,77.0
14,145,938.75,408.9375,77.0
15,145,230.5,43.3,85.0
1,146,227.0,66.6,458.0
3,146,2970.6,258.2,459.0
19,146,1290.9,58.02,459.0
5,146,203.0,65.0,458.0
22,146,934.8,412.16,424.0
23,146,919.5,290.0,459.0
7,146,761.3,118.18,458.0
11,146,496.2,173.56,458.0
14,146,475.1,123.5,424.0
15,146,272.1,107.32,459.0
1,147,573.5,179.6,411.0
3,147,145.4,29.6,417.0
19,147,462.2,200.64,426.0
5,147,156.7,39.04,411.0
22,147,1073.2,14.8,403.0
23,147,810.8,190.64,426.0
7,147,570.0,187.8,403.0
11,147,3429.0,5143.5,403.0
14,147,1291.9,17.1,403.0
15,147,167.6,50.4,417.0
1,148,385.2,204.2,149.0
3,148,317.1,115.1,125.0
19,148,1339.5,109.4,111.0
5,148,266.9,87.68,149.0
22,148,473.3,90.24,144.0
23,148,399.9,137.3,111.0
7,148,675.55554,366.37036,149.0
11,148,1020.875,272.5625,149.0
14,148,747.4,274.4,144.0
15,148,255.6,116.24,125.0
1,149,413.4,116.12,453.5
3,149,312.6,152.4,411.0
19,149,795.4,299.2,453.5
5,149,276.9,80.28,453.5
22,149,660.9,191.92,375.5
23,149,1024.4,315.96,453.5
7,149,654.4,201.72,453.5
11,149,566.1,116.52,453.5
14,149,2507.5,3761.25,375.5
15,149,510.4,206.48,411.0
1,150,501.2,172.2,111.0
3,150,397.3,321.68,111.0
19,150,856.2,147.12,111.0
5,150,410.8,104.8,111.0
22,150,542.0,232.8,125.0
23,150,839.7,85.7,111.0
7,150,696.5,136.0,134.0
11,150,927.0,333.22223,134.0
14,150,8500.0,34000.0,125.0
15,150,1330.7,195.42,111.0
1,151,1046.6,245.6,403.0
3,151,260.4,143.28,403.0
19,151,621.1,310.5,403.0
5,151,559.6,328.28,403.0
22,151,1704.5,246.1,403.0
23,151,786.0,287.2,403.0
7,151,1209.8,469.0,403.0
11,151,862.4,187.56,403.0
14,151,781.8,160.6,403.0
15,151,681.6,286.48,403.0
1,152,447.6,163.6,459.0
3,152,166.2,41.24,465.5
19,152,1005.6,268.56,467.0
5,152,434.6,158.68,459.0
22,152,856.0,153.6,466.0
23,152,766.3,218.62,467.0
7,152,3254.0,2169.3333,459.0
11,152,882.5,168.4,459.0
14,152,5292.75,7939.125,466.0
15,152,1595.1,251.68,465.5
1,153,716.0,317.8,72.0
3,153,1539.4,272.72,62.0
19,153,734.6,298.24,55.0
5,153,546.1,306.1,72.0
22,153,1953.9,170.84,55.0
23,153,1434.4,531.76,55.0
7,153,624.3,243.9,55.0
11,153,752.1,149.64,55.0
14,153,2119.5,3179.25,55.0
15,153,783.4,223.52,62.0
1,154,582.5,125.3,403.0
3,154,1052.3,251.1,403.0
19,154,512.0,159.4,403.0
5,154,490.7,233.3,403.0
22,154,1258.1,229.56,403.0
23,154,2071.4,1334.12,403.0
7,154,1171.4,171.08,403.0
11,154,800.0,291.8,403.0
14,154,795.875,305.5625,403.0
15,154,199.9,88.08,403.0
1,155,834.5,151.0,149.0
3,155,616.6,139.28,134.0
19,155,752.9,295.7,111.0
5,155,543.3,354.22,149.0
22,155,1038.3,315.96,119.0
23,155,842.0,284.2,111.0
7,155,756.0,294.2,134.0
11,155,1769.3334,1179.5555,134.0
14,155,527.3,176.04,119.0
15,155,244.3,92.16,134.0
1,156,854.2,391.6,459.0
3,156,1227.7,438.62,459.0
19,156,1311.75,709.875,458.0
5,156,1167.0,243.2,459.0
22,156,1009.8,203.88,459.0
23,156,775.5,250.8,458.0
7,156,1615.4,413.36,458.0
11,156,2821.75,4232.625,458.0
14,156,621.4,199.2,459.0
15,156,423.6,160.2,459.0
1,157,591.7,240.64,459.0
3,157,305.7,142.24,467.0
19,157,1378.0,342.4,459.0
5,157,344.0,197.6,459.0
22,157,2423.5,20.8,467.0
23,157,957.6,306.08,459.0
7,157,706.4,270.08,467.0
11,157,6426.75,9640.125,467.0
14,157,540.2,227.04,467.0
15,157,254.6,119.92,467.0
1,158,306.0,82.8,55.0
3,158,814.5,291.7,55.0
19,158,909.375,422.71875,64.0
5,158,661.5,297.4,55.0
22,158,619.0,239.6,62.0
23,158,766.1,281.74,64.0
7,158,687.9,193.1,62.0
11,158,792.9,444.7,62.0
14,158,1445.3,26.1,62.0
15,158,210.5,70.4,55.0
1,159,200.7,52.44,515.5
3,159,334.1,153.3,459.0
19,159,3749.7,381.16,459.0
5,159,2761.6,297.2,515.5
22,159,15239.0,35557.668,458.0
23,159,937.7,369.82,459.0
7,159,674.4,350.4,515.5
11,159,3913.6,3913.6,515.5
14,159,7576.7,27.56,458.0
15,159,1351.2,703.72,459.0
1,160,386.6,180.52,64.0
3,160,191.1,53.32,55.0
19,160,1072.0,352.2,55.0
5,160,1573.3,284.98,64.0
22,160,2922.6,31.6,55.0
23,160,1065.5,306.2,55.0
7,160,599.9,201.72,55.0
11,160,1549.5555,645.23456,55.0
14,160,1134.0,184.6,55.0
15,160,607.2,255.44,55.0
1,161,2080.0,149.0,459.0
3,161,271.7,101.44,459.0
19,161,1010.5,174.4,459.0
5,161,756.6,238.4,459.0
22,161,4690.0,18760.0,459.0
23,161,1053.6666,286.48148,459.0
7,161,463.3,168.1,458.0
11,161,2011.8,196.92,458.0
14,161,10178.5,40714.0,459.0
15,161,1002.5,329.7,459.0
1,162,879.8,211.4,403.0
3,162,540.1,233.3,411.0
19,162,834.7,233.38,462.5
5,162,416.3,147.04,403.0
22,162,1641.4,730.52,461.5
23,162,796.7,505.1,462.5
7,162,859.8,300.8,411.0
11,162,926.4,126.04,411.0
14,162,1442.2858,625.10205,461.5
15,162,902.2,477.8,411.0
1,163,511.1,197.12,111.0
3,163,428.4,151.32,125.0
19,163,1100.1666,746.7222,134.0
5,163,181.1,63.34,111.0
22,163,5282.0,21128.0,119.0
23,163,494.5,177.9,134.0
7,163,537.3,127.96,119.0
11,163,1175.2,82.96,119.0
14,163,483.9,96.1,119.0
15,163,1549.8,230.6,125.0
1,164,1261.9,124.88,516.0
3,164,530.3,375.02,459.0
19,164,920.4,252.12,459.0
5,164,378.3,123.84,516.0
22,164,3382.0,7891.3335,389.0
23,164,835.3,296.44,459.0
7,164,880.0,405.14285,457.0
11,164,5340.5,21362.0,457.0
14,164,2018.1666,1345.4445,389.0
15,164,181.1,74.14,459.0
1,165,601.4,215.48,111.0
3,165,1115.8,272.8,125.0
19,165,801.1,369.5,125.0
5,165,1239.1,379.92,111.0
22,165,1608.5,158.8,111.0
23,165,579.5,131.4,125.0
7,165,1238.3334,825.55554,111.0
11,165,692.6,152.04,111.0
14,165,1386.6,267.44,111.0
15,165,481.1,159.5,125.0
1,166,358.8,185.72,403.0
3,166,252.8,147.76,403.0
19,166,842.4,332.16,403.0
5,166,715.3,210.5,403.0
22,166,712.8,180.64,453.5
23,166,959.0,302.2,403.0
7,166,1246.5,131.3,453.5
11,166,2206.0,2206.0,453.5
14,166,1605.4,237.76,453.5
15,166,653.8,535.72,403.0
1,167,518.6,223.4,462.5
3,167,761.8,419.96,420.0
19,167,1245.0,338.6,462.5
5,167,2047.8,315.6,462.5
22,167,2095.0,481.4,453.5
23,167,1342.8,360.68,462.5
7,167,2400.7,843.68,453.5
11,167,1666.8,431.4,453.5
14,167,1863.6,18.8,453.5
15,167,2421.6,382.0,420.0
1,168,751.5,409.8,111.0
3,168,764.3,376.1,111.0
19,168,1029.2,459.6,119.0
5,168,207.6,54.2,111.0
22,168,637.8,219.4,125.0
23,168,514.8,209.8,119.0
7,168,739.0,232.8,140.5
11,168,2053.6,522.16,140.5
14,168,803.4,301.2,125.0
15,168,195.0,48.4,111.0
1,169,900.3,297.1,403.0
3,169,194.7,55.1,403.0
19,169,800.1,256.08,403.0
5,169,857.6,279.52,403.0
22,169,904.1,176.16,420.0
23,169,687.4,200.64,403.0
7,169,2176.6667,1451.1111,419.0
11,169,543.7,218.3,419.0
14,169,1420.3,224.06,420.0
15,169,727.8,357.4,403.0
1,170,742.1,483.5,111.0
3,170,690.6,444.12,111.0
19,170,1220.1111,481.0247,111.0
5,170,688.5,453.5,111.0
22,170,1350.8,280.12,111.0
23,170,1138.4,370.12,111.0
7,170,2444.3,597.32,111.0
11,170,1310.0,339.4,111.0
14,170,4679.5,18718.0,111.0
15,170,604.7,214.16,111.0
1,171,1507.3,477.44,516.5
3,171,616.6,276.92,458.0
19,171,916.9,308.48,458.0
5,171,839.3,225.1,516.5
22,171,5955.5,8933.25,458.0
23,171,1278.2,804.2,458.0
7,171,704.4,307.84,516.0
11,171,1648.2858,706.40814,516.0
14,171,1313.4,823.56,458.0
15,171,392.7,153.44,458.0
1,172,298.8,74.96,467.0
3,172,517.9,202.1,467.0
19,172,1974.1,1278.92,467.0
5,172,1257.9,394.52,467.0
22,172,1456.8,531.88,458.0
23,172,2068.1,436.08,467.0
7,172,1205.5,335.0,459.0
11,172,1627.8,354.52,459.0
14,172,8430.5,33722.0,458.0
15,172,1451.2,334.76,467.0
1,173,526.0,203.2,72.0
3,173,2580.5,697.0,72.0
19,173,944.1,248.88,80.0
5,173,671.9,209.26,72.0
22,173,608.4,309.08,78.0
23,173,827.0,324.8,80.0
7,173,1700.6,472.56,62.0
11,173,2562.5,1341.375,62.0
14,173,952.0,132.0,78.0
15,173,841.7,194.76,72.0
1,174,890.5,267.9,516.0
3,174,2006.9,306.3,515.5
19,174,660.8,221.36,459.0
5,174,849.9,406.66,516.0
22,174,1318.6,172.56,459.0
23,174,1362.3,337.1,459.0
7,174,1264.0,485.8,459.0
11,174,1139.3,593.96,459.0
14,174,1908.5,651.5,459.0
15,174,300.5,196.7,515.5
1,175,514.0,169.4,62.0
3,175,1078.6,507.16,55.0
19,175,1284.1,444.88,55.0
5,175,560.0,366.6,62.0
22,175,2308.2,430.52,64.0
23,175,1241.8,377.32,55.0
7,175,2021.0,96.4,72.0
11,175,3358.0,5037.0,72.0
14,175,1250.2,357.08,64.0
15,175,524.6,328.84,55.0
1,176,1376.6,309.88,459.0
3,176,1441.3,310.36,458.0
19,176,2014.6,476.08,516.0
5,176,1109.6,543.88,459.0
22,176,1926.3,871.28,515.5
23,176,3122.889,920.69135,516.0
7,176,951.6,307.4,459.0
11,176,723.8,263.4,459.0
14,176,1926.4,560.6,515.5
15,176,676.0,338.8,458.0
1,177,642.9,224.32,458.0
3,177,842.5,211.1,467.0
19,177,636.7,53.56,467.0
5,177,572.5,216.0,458.0
22,177,933.9,210.72,459.0
23,177,915.9,221.32,467.0
7,177,1667.9,265.38,459.0
11,177,1436.2,189.72,459.0
14,177,752.5,86.7,459.0
15,177,408.4,204.56,467.0
1,178,376.4,131.0,139.0
3,178,448.9,148.08,139.0
19,178,1181.3,349.5,139.0
5,178,383.6,134.64,139.0
22,178,1824.8,434.72,139.0
23,178,652.4,197.88,139.0
7,178,5515.0,22060.0,139.0
11,178,1218.1,420.12,139.0
14,178,7580.5,30322.0,139.0
15,178,946.2,580.16,139.0
